{"type": "FeatureCollection", "features": [{"type": "Feature", "properties": {"name": "Shorecrest", "label": "Shorecrest"}, "geometry": {"type": "Polygon", "coordinates": [[[-80.185252255832, 25.851510928738], [-80.1854392651698, 25.8551978180439], [-80.18493526887, 25.8551970522176], [-80.1843714835003, 25.8552131449647], [-80.1807856387857, 25.8552775561541], [-80.1797626278461, 25.8553044515194], [-80.1779924935988, 25.8554763666047], [-80.1767416495433, 25.8554709982323], [-80.1755518915721, 25.8554264168891], [-80.1716140307571, 25.8555518804997], [-80.1712612351633, 25.855752772815], [-80.1709512956512, 25.8557762799325], [-80.1709524144232, 25.8556431943003], [-80.1709921960832, 25.8554436110075], [-80.1710362077109, 25.8551551520236], [-80.1751593307904, 25.8550598168441], [-80.1752408296286, 25.8550915751602], [-80.1753825359311, 25.8550738091653], [-80.1754383125904, 25.8549781755418], [-80.1754359043052, 25.8548596852469], [-80.1752926111509, 25.8547773650365], [-80.1751870713816, 25.8547867387815], [-80.1751462606679, 25.8548344821371], [-80.1710854081453, 25.8549401467474], [-80.1713991515773, 25.8531983257921], [-80.1731722343922, 25.8531451554982], [-80.1732810113832, 25.8528887036613], [-80.1732967746091, 25.8526169342803], [-80.1733057680518, 25.8524441718806], [-80.1715338548607, 25.8524674309561], [-80.1716750559844, 25.8515400290373], [-80.1736214918073, 25.851477868297], [-80.1736212606799, 25.8513196688574], [-80.1717326160989, 25.8513522395639], [-80.1718418569387, 25.8505383169436], [-80.1735462919176, 25.8505131224183], [-80.1735373100399, 25.8503562487769], [-80.1718922603054, 25.8503957105104], [-80.172032034977, 25.8495903878477], [-80.1721717883341, 25.848678796329], [-80.172261095612, 25.8481068712843], [-80.1725302184486, 25.8481018707805], [-80.173079038455, 25.8481015578321], [-80.1740559922108, 25.8480758220965], [-80.1743454103285, 25.8480489237166], [-80.1753983048928, 25.8480335848269], [-80.1756279432267, 25.8480225079801], [-80.1763604457386, 25.8480063738322], [-80.1795193554931, 25.8479272758097], [-80.1808916126111, 25.8478965048413], [-80.1820666667981, 25.847858077028], [-80.1827231981097, 25.8478356364396], [-80.1828140611277, 25.8478316769863], [-80.1845770193933, 25.8477741819385], [-80.1846244436976, 25.8486177124093], [-80.1846732189505, 25.849319731805], [-80.1846943469555, 25.8501184067146], [-80.1846893686863, 25.8508443690661], [-80.1847685180592, 25.8515235171046], [-80.185252255832, 25.851510928738]]]}}, {"type": "Feature", "properties": {"name": "Oakland Grove", "label": "Oakland Grove"}, "geometry": {"type": "Polygon", "coordinates": [[[-80.192993237704, 25.8534575258515], [-80.1929818814658, 25.8535626988667], [-80.1919865583637, 25.8536842372185], [-80.1908196887802, 25.8536289027047], [-80.1902166886677, 25.8532929813914], [-80.1896554301656, 25.8531627756581], [-80.1894067783143, 25.8532296535295], [-80.1890490330647, 25.8533256691257], [-80.188533908197, 25.8527849181275], [-80.1883903697696, 25.8525984049788], [-80.1884694731032, 25.8521741198353], [-80.1888495281836, 25.8498942365548], [-80.189803061901, 25.8498493494187], [-80.1920013939614, 25.8497962565573], [-80.1929008305339, 25.8497696189587], [-80.1929162737261, 25.8502381094606], [-80.1929471177109, 25.850677452606], [-80.1929322627981, 25.851409896334], [-80.1929620257086, 25.852344462618], [-80.192993237704, 25.8534575258515]]]}}, {"type": "Feature", "properties": {"name": "Little River Gardens", "label": "Little River Gardens"}, "geometry": {"type": "Polygon", "coordinates": [[[-80.192993237704, 25.8534575258515], [-80.1929620257086, 25.852344462618], [-80.1929322627981, 25.851409896334], [-80.1929471177109, 25.850677452606], [-80.1929162737261, 25.8502381094606], [-80.1929008305339, 25.8497696189587], [-80.1940150155802, 25.8497421053059], [-80.1954038107871, 25.8496854963099], [-80.1965017516176, 25.8496430855704], [-80.1970517921594, 25.8496323716915], [-80.1970817675902, 25.8505401144177], [-80.197097317041, 25.8510515936039], [-80.1971121426368, 25.8517828266714], [-80.1971981635597, 25.8522149082512], [-80.1971590988078, 25.8524275720451], [-80.1971588504597, 25.8530270046525], [-80.1957958413242, 25.8530306376819], [-80.1951463905216, 25.853154113034], [-80.1943228024776, 25.8534821054575], [-80.1929818814658, 25.8535626988667], [-80.192993237704, 25.8534575258515]]]}}, {"type": "Feature", "properties": {"name": "Biscayne Plaza", "label": "Biscayne Plaza"}, "geometry": {"type": "Polygon", "coordinates": [[[-80.1884694731032, 25.8521741198353], [-80.1883903697696, 25.8525984049788], [-80.1880196570614, 25.8521169232912], [-80.1878940617482, 25.8515295122363], [-80.1873158980762, 25.8514552606245], [-80.185252255832, 25.851510928738], [-80.1847685180592, 25.8515235171046], [-80.1846893686863, 25.8508443690661], [-80.1846943469555, 25.8501184067146], [-80.1846732189505, 25.849319731805], [-80.1846244436976, 25.8486177124093], [-80.1845770193933, 25.8477741819385], [-80.184576854812, 25.8477703980506], [-80.184554173716, 25.8470876113404], [-80.1845546689593, 25.8470153929942], [-80.1844960182502, 25.8464233686953], [-80.184497678548, 25.8461812664864], [-80.1847650426942, 25.8461827675485], [-80.1850332342794, 25.8460633893869], [-80.1853679011887, 25.8460047386442], [-80.1857690416626, 25.8460069890694], [-80.1861693527552, 25.8461302886376], [-80.1865688378399, 25.8463744667917], [-80.1870350237621, 25.8466190172629], [-80.1873667962044, 25.8469838709194], [-80.1876977459226, 25.8474696017363], [-80.187805661336, 25.8476677815496], [-80.1883076432586, 25.8476527049875], [-80.1887778795928, 25.8476668537777], [-80.1888695413965, 25.8497741518671], [-80.1888495281836, 25.8498942365548], [-80.1884694731032, 25.8521741198353]]]}}, {"type": "Feature", "properties": {"name": "Pelican Harbor", "label": "Pelican Harbor"}, "geometry": {"type": "Polygon", "coordinates": [[[-80.1676007333574, 25.8498941716208], [-80.1668273158694, 25.8498897353015], [-80.1661183179056, 25.8498856657009], [-80.1657962471098, 25.8498255226942], [-80.1656690448378, 25.8495914512298], [-80.1656710921958, 25.849299829099], [-80.164639810406, 25.8492938994475], [-80.164382351536, 25.8492341259091], [-80.1643839913678, 25.8490007937867], [-80.1644492304471, 25.848884584588], [-80.1660602530992, 25.8489521382193], [-80.1660635261102, 25.8484854746514], [-80.1655479839127, 25.8484825132195], [-80.1638715380457, 25.8485313334371], [-80.1638071184697, 25.8485309625185], [-80.1625175675402, 25.8485818228317], [-80.1621304527907, 25.8486378821096], [-80.1619374162967, 25.8485784759599], [-80.1619093842076, 25.8484034364705], [-80.1619402946049, 25.8481701018603], [-80.1620699538497, 25.8480542654998], [-80.164003846762, 25.8480654129246], [-80.1655508485993, 25.8480743111341], [-80.166131406698, 25.848019353545], [-80.166393580561, 25.8473792993007], [-80.1665907053223, 25.8468554558513], [-80.1673005028781, 25.8467427703198], [-80.1681385091912, 25.8467475737122], [-80.1687186524212, 25.8467508955943], [-80.1689098683255, 25.8470436241263], [-80.1689082375166, 25.8472769565809], [-80.1686497473413, 25.8473922332619], [-80.168392292528, 25.8473322953808], [-80.1681340190226, 25.8473892800351], [-80.1680679697163, 25.8476220710247], [-80.1682600007937, 25.8477982203754], [-80.1685178653392, 25.8477996970129], [-80.1688401491672, 25.8478015418975], [-80.1690988293867, 25.8476864383883], [-80.1693562865531, 25.847746203547], [-80.1694202976362, 25.8478048620052], [-80.1696777562334, 25.8478646266089], [-80.1697395855378, 25.8481542069104], [-80.169740138301, 25.8481566174055], [-80.1696740904487, 25.8483895806623], [-80.1694150008169, 25.8485631484718], [-80.1689638765205, 25.8485605675833], [-80.1683841333146, 25.8484987840725], [-80.1678043895793, 25.8484371697555], [-80.1675461146081, 25.8484939817955], [-80.1674796541426, 25.8487852348166], [-80.1676700527808, 25.8491947163589], [-80.1678635013107, 25.8491958249954], [-80.1679295541789, 25.8489628626915], [-80.1681234101627, 25.8489056809845], [-80.1682518401136, 25.848964708953], [-80.1683152251395, 25.8491401213594], [-80.168184156483, 25.849431003767], [-80.1680540936258, 25.8496051356574], [-80.1680532766883, 25.8497218880175], [-80.1678586034025, 25.8498956495457], [-80.1676007333574, 25.8498941716208]]]}}, {"type": "Feature", "properties": {"name": "79th Street", "label": "79th Street"}, "geometry": {"type": "Polygon", "coordinates": [[[-80.189803061901, 25.8498493494187], [-80.1888495281836, 25.8498942365548], [-80.1888695413965, 25.8497741518671], [-80.1887778795928, 25.8476668537777], [-80.1888115084092, 25.8476679018398], [-80.1890095230877, 25.8476679760452], [-80.1900778048002, 25.847625103137], [-80.1904135835494, 25.8475987750897], [-80.1910246323133, 25.8476135300206], [-80.192794134376, 25.8475150457671], [-80.1933277519782, 25.8475145717247], [-80.1948088281538, 25.8474653595201], [-80.1953429561055, 25.8474456221391], [-80.1964568312525, 25.8474043304542], [-80.1969297154985, 25.8473925021037], [-80.1978851075923, 25.8473785242157], [-80.1982776144844, 25.8473373593582], [-80.1984455983135, 25.8473382866155], [-80.1989661839386, 25.8472976543388], [-80.1993583985158, 25.8472998180695], [-80.200086769359, 25.8473038317876], [-80.2004787945453, 25.8473059905466], [-80.2009270667683, 25.8473084586461], [-80.2010392844894, 25.847265571405], [-80.2013754417051, 25.8472674203743], [-80.2016555404907, 25.8472689604106], [-80.2019919887112, 25.8472273058011], [-80.2027923800217, 25.8472317016673], [-80.2035130612996, 25.8471923237206], [-80.2045856709686, 25.8471546986343], [-80.2051779839485, 25.8471579424446], [-80.2055144308597, 25.8471162787344], [-80.2060506863332, 25.8471192113982], [-80.2063868425421, 25.8471210496558], [-80.207075407987, 25.8470814784886], [-80.2077178559158, 25.8470610836628], [-80.2077632759465, 25.8475455561626], [-80.2071178354577, 25.8475583688491], [-80.2051841419873, 25.8476296485226], [-80.2016903923246, 25.8476821875693], [-80.1969602928797, 25.8478734569305], [-80.1970056272278, 25.848532981659], [-80.1970517921594, 25.8496323716915], [-80.1965017516176, 25.8496430855704], [-80.1954038107871, 25.8496854963099], [-80.1940150155802, 25.8497421053059], [-80.1929008305339, 25.8497696189587], [-80.1920013939614, 25.8497962565573], [-80.189803061901, 25.8498493494187]]]}}, {"type": "Feature", "properties": {"name": "Haynesworth", "label": "Haynesworth"}, "geometry": {"type": "Polygon", "coordinates": [[[-80.1725302184486, 25.8481018707805], [-80.172261095612, 25.8481068712843], [-80.1723313136144, 25.8476564073503], [-80.1726722679338, 25.8456029839355], [-80.1728404891131, 25.8450229091835], [-80.1731030019289, 25.8448471194967], [-80.1734690390257, 25.8448137808106], [-80.173759281889, 25.8449132738033], [-80.1747880989962, 25.8452690508731], [-80.1756884921033, 25.845565798576], [-80.176330221488, 25.8459776597583], [-80.1769087471306, 25.8462142817894], [-80.1777451373562, 25.8464523617477], [-80.1784525048976, 25.8466897071277], [-80.1787087571477, 25.8469244986598], [-80.1792876958524, 25.8471026497486], [-80.1798034243818, 25.8471055633389], [-80.1802120121422, 25.8471855939076], [-80.1806796279676, 25.8472487610846], [-80.1814158597826, 25.8471318571074], [-80.1819526716843, 25.8468324154914], [-80.1824892553471, 25.8465934970518], [-80.1832921796104, 25.8464769597473], [-80.1839611004079, 25.8464203640034], [-80.1844960182502, 25.8464233686953], [-80.1845546689593, 25.8470153929942], [-80.184554173716, 25.8470876113404], [-80.184576854812, 25.8477703980506], [-80.1845770193933, 25.8477741819385], [-80.1828140611277, 25.8478316769863], [-80.1827231981097, 25.8478356364396], [-80.1820666667981, 25.847858077028], [-80.1808916126111, 25.8478965048413], [-80.1795193554931, 25.8479272758097], [-80.1763604457386, 25.8480063738322], [-80.1756279432267, 25.8480225079801], [-80.1753983048928, 25.8480335848269], [-80.1743454103285, 25.8480489237166], [-80.1740559922108, 25.8480758220965], [-80.173079038455, 25.8481015578321], [-80.1725302184486, 25.8481018707805]]]}}, {"type": "Feature", "properties": {"name": "Belle Meade West", "label": "Belle Meade West"}, "geometry": {"type": "Polygon", "coordinates": [[[-80.1883076432586, 25.8476527049875], [-80.187805661336, 25.8476677815496], [-80.1876977459226, 25.8474696017363], [-80.1873667962044, 25.8469838709194], [-80.1870350237621, 25.8466190172629], [-80.1865688378399, 25.8463744667917], [-80.1861693527552, 25.8461302886376], [-80.1857690416626, 25.8460069890694], [-80.1853679011887, 25.8460047386442], [-80.1850332342794, 25.8460633893869], [-80.1847650426942, 25.8461827675485], [-80.184497678548, 25.8461812664864], [-80.1844925473951, 25.8457102545121], [-80.1844524042607, 25.8448581669442], [-80.1844321611313, 25.8439862444784], [-80.1844014985793, 25.8431926739724], [-80.1844013489755, 25.843048231708], [-80.1843864579457, 25.8424487144784], [-80.1843709882113, 25.8421552730483], [-80.1843556873067, 25.841670963786], [-80.1843565177178, 25.8412173518171], [-80.1843494732332, 25.8411640068151], [-80.1843254296908, 25.8409846949166], [-80.1843251186813, 25.840309600051], [-80.1842950783157, 25.8395916929121], [-80.1842638910544, 25.8388748109821], [-80.1842639513585, 25.8386997612608], [-80.1842341318, 25.8381159804428], [-80.1842341991893, 25.8379398990255], [-80.1842037562827, 25.837280798273], [-80.1863850247177, 25.8372995667368], [-80.1882438106039, 25.8372382615825], [-80.1883193900206, 25.838971643827], [-80.1883695530158, 25.8399744193534], [-80.1883848227089, 25.840187213012], [-80.1886267927325, 25.8439366594397], [-80.1886678730364, 25.8445722614584], [-80.1887219641641, 25.8456404012119], [-80.1887629971559, 25.8464501925998], [-80.1887695027357, 25.8474742178025], [-80.1887778795928, 25.8476668537777], [-80.1883076432586, 25.8476527049875]]]}}, {"type": "Feature", "properties": {"name": "Little River Central", "label": "Little River Central"}, "geometry": {"type": "Polygon", "coordinates": [[[-80.1888115084092, 25.8476679018398], [-80.1887778795928, 25.8476668537777], [-80.1887695027357, 25.8474742178025], [-80.1887629971559, 25.8464501925998], [-80.1887219641641, 25.8456404012119], [-80.1886678730364, 25.8445722614584], [-80.1886267927325, 25.8439366594397], [-80.1893759973278, 25.8438639803014], [-80.1899565215419, 25.8438376432639], [-80.1903218630892, 25.8438217972849], [-80.1908171869417, 25.8438052989928], [-80.1911004153658, 25.8437924326114], [-80.1919249396034, 25.843765382976], [-80.192641044206, 25.8437535466104], [-80.1937251420773, 25.8437268976987], [-80.1943503332526, 25.8437269288139], [-80.1946871658998, 25.843711601506], [-80.1951897772768, 25.843685155395], [-80.1957851283515, 25.8436578454527], [-80.196257913027, 25.8436583991012], [-80.1967308079162, 25.8436427882082], [-80.1966854830525, 25.8429258297573], [-80.1966554110022, 25.8420328744626], [-80.1966555000465, 25.8416820864988], [-80.1965779322512, 25.8399999389927], [-80.1971129298307, 25.8400152786744], [-80.1987448390425, 25.8399586035137], [-80.1997830258109, 25.8399158357277], [-80.2006986229437, 25.8399050580531], [-80.2015680362493, 25.8398671950975], [-80.2017052590666, 25.8398631346076], [-80.2023164958981, 25.8398441385734], [-80.2026361698758, 25.8398355765145], [-80.2034754776236, 25.8398099184162], [-80.2040707024991, 25.8397983931431], [-80.2042839355349, 25.8397940588748], [-80.204834141142, 25.8397516761032], [-80.2053832979082, 25.8397526178177], [-80.2057949911228, 25.8397366422841], [-80.2060241322515, 25.8397403023033], [-80.2060245008868, 25.840823622161], [-80.2060243898772, 25.8410110528078], [-80.206054352064, 25.8414187502649], [-80.2060699510754, 25.8417008421551], [-80.206131179079, 25.8420364890475], [-80.206161418224, 25.8423458295941], [-80.2062372605279, 25.8427695974355], [-80.2063905828109, 25.8433719343054], [-80.2064515593598, 25.8435744866788], [-80.2065886714627, 25.84392946281], [-80.2068634659049, 25.8444402955685], [-80.2069400316097, 25.844585155564], [-80.207152879632, 25.8450389039359], [-80.207427975633, 25.8458472187281], [-80.2076415497411, 25.846534828055], [-80.2077178559158, 25.8470610836628], [-80.207075407987, 25.8470814784886], [-80.2063868425421, 25.8471210496558], [-80.2060506863332, 25.8471192113982], [-80.2055144308597, 25.8471162787344], [-80.2051779839485, 25.8471579424446], [-80.2045856709686, 25.8471546986343], [-80.2035130612996, 25.8471923237206], [-80.2027923800217, 25.8472317016673], [-80.2019919887112, 25.8472273058011], [-80.2016555404907, 25.8472689604106], [-80.2013754417051, 25.8472674203743], [-80.2010392844894, 25.847265571405], [-80.2009270667683, 25.8473084586461], [-80.2004787945453, 25.8473059905466], [-80.200086769359, 25.8473038317876], [-80.1993583985158, 25.8472998180695], [-80.1989661839386, 25.8472976543388], [-80.1984455983135, 25.8473382866155], [-80.1982776144844, 25.8473373593582], [-80.1978851075923, 25.8473785242157], [-80.1969297154985, 25.8473925021037], [-80.1964568312525, 25.8474043304542], [-80.1953429561055, 25.8474456221391], [-80.1948088281538, 25.8474653595201], [-80.1933277519782, 25.8475145717247], [-80.192794134376, 25.8475150457671], [-80.1910246323133, 25.8476135300206], [-80.1904135835494, 25.8475987750897], [-80.1900778048002, 25.847625103137], [-80.1890095230877, 25.8476679760452], [-80.1888115084092, 25.8476679018398]]]}}, {"type": "Feature", "properties": {"name": "Northwestern Estates", "label": "Northwestern Estates"}, "geometry": {"type": "Polygon", "coordinates": [[[-80.2077632759465, 25.8475455561626], [-80.2077178559158, 25.8470610836628], [-80.2076415497411, 25.846534828055], [-80.207427975633, 25.8458472187281], [-80.207152879632, 25.8450389039359], [-80.2069400316097, 25.844585155564], [-80.2068634659049, 25.8444402955685], [-80.2065886714627, 25.84392946281], [-80.2064515593598, 25.8435744866788], [-80.2063905828109, 25.8433719343054], [-80.2062372605279, 25.8427695974355], [-80.206161418224, 25.8423458295941], [-80.206131179079, 25.8420364890475], [-80.2060699510754, 25.8417008421551], [-80.206054352064, 25.8414187502649], [-80.2060243898772, 25.8410110528078], [-80.2060245008868, 25.840823622161], [-80.2060241322515, 25.8397403023033], [-80.2060091840917, 25.8388484616958], [-80.2060242362063, 25.836593523335], [-80.2058253183518, 25.8323482361247], [-80.2065278765911, 25.8323059911687], [-80.2070467059041, 25.832290596681], [-80.2075346465038, 25.8322911955218], [-80.2085112725668, 25.8322377110079], [-80.2106322368001, 25.8321691203954], [-80.2115179639292, 25.8321264706883], [-80.2126156593146, 25.8320963134454], [-80.2146152940377, 25.8320428267634], [-80.2166909277061, 25.83198972138], [-80.2167205904183, 25.8327946336926], [-80.2167517837187, 25.8333670704604], [-80.2167670757782, 25.8335263832763], [-80.2167969318227, 25.8342442868105], [-80.2168125952711, 25.8343472006788], [-80.2168124576791, 25.8349452615258], [-80.21684307217, 25.8356057363689], [-80.2169042753015, 25.8363533847754], [-80.2169350050619, 25.8371696513303], [-80.2169501867895, 25.8373458158568], [-80.2169653229262, 25.837875176314], [-80.2169957687915, 25.8385614430769], [-80.2170260886141, 25.8394399545071], [-80.2149503021742, 25.8394965005746], [-80.2129980460305, 25.8395502462915], [-80.2108922573392, 25.8396031317522], [-80.209411528971, 25.839615369831], [-80.2095729189164, 25.8470103204444], [-80.2095831002706, 25.8474798136104], [-80.2092100096059, 25.8474879273329], [-80.2077632759465, 25.8475455561626]]]}}, {"type": "Feature", "properties": {"name": "Belle Meade", "label": "Belle Meade"}, "geometry": {"type": "Polygon", "coordinates": [[[-80.1844925473951, 25.8457102545121], [-80.184497678548, 25.8461812664864], [-80.1839627617945, 25.8461782618267], [-80.1832265380416, 25.846295178032], [-80.1824231990036, 25.846472069475], [-80.1818207493291, 25.8465897324169], [-80.1814848305999, 25.8468297785585], [-80.1811499701812, 25.8468884191749], [-80.1810841055952, 25.8467669911944], [-80.1808165498611, 25.8467654822501], [-80.1803487091669, 25.8467628425664], [-80.1798702557863, 25.8467560136746], [-80.1794851660433, 25.8465204963037], [-80.1794916057323, 25.8455873371539], [-80.1793649944006, 25.8452366946592], [-80.1789154936165, 25.8450008118777], [-80.1779514864023, 25.844586966746], [-80.1758952742915, 25.8436421168663], [-80.1756398436898, 25.8432907402883], [-80.1755778533068, 25.8429404622975], [-80.1757103240701, 25.8424162373602], [-80.1757143684039, 25.8418328195239], [-80.1754585369869, 25.8415397327993], [-80.1751042850307, 25.841409787591], [-80.1843494732332, 25.8411640068151], [-80.1843565177178, 25.8412173518171], [-80.1843556873067, 25.841670963786], [-80.1843709882113, 25.8421552730483], [-80.1843864579457, 25.8424487144784], [-80.1844013489755, 25.843048231708], [-80.1844014985793, 25.8431926739724], [-80.1844321611313, 25.8439862444784], [-80.1844524042607, 25.8448581669442], [-80.1844925473951, 25.8457102545121]]]}}, {"type": "Feature", "properties": {"name": "Belle Island", "label": "Belle Island"}, "geometry": {"type": "Polygon", "coordinates": [[[-80.1783905047249, 25.8463394293532], [-80.1738909532497, 25.8445056320367], [-80.1735811520068, 25.8443494551463], [-80.1732690425782, 25.8441428809792], [-80.1731266903363, 25.8438726185041], [-80.1738404146124, 25.8421246389292], [-80.1740245493981, 25.8419602667201], [-80.1743128374245, 25.8418477283015], [-80.1747002237059, 25.8418308436457], [-80.1751338416935, 25.841887987805], [-80.1752608413659, 25.8421803436111], [-80.1752576055484, 25.842646837173], [-80.1750597163208, 25.8432874464614], [-80.1752499205946, 25.8437550385171], [-80.1756349928226, 25.8439905667867], [-80.1777556233737, 25.8449359565994], [-80.1787840519417, 25.8453499958312], [-80.1790398986499, 25.8456430769374], [-80.179166107059, 25.8460520098581], [-80.1788416216639, 25.8463419816594], [-80.1783905047249, 25.8463394293532]]]}}, {"type": "Feature", "properties": {"name": "Little River Industrial District", "label": "Little River Industrial District"}, "geometry": {"type": "Polygon", "coordinates": [[[-80.1893759973278, 25.8438639803014], [-80.1886267927325, 25.8439366594397], [-80.1883848227089, 25.840187213012], [-80.1883695530158, 25.8399744193534], [-80.1883193900206, 25.838971643827], [-80.1882438106039, 25.8372382615825], [-80.1882096454192, 25.8364530973105], [-80.1880735076274, 25.8331805527588], [-80.1879704439194, 25.8324959409562], [-80.1879116293984, 25.8298383937315], [-80.1880950035551, 25.8298077791027], [-80.1900322806818, 25.8297542809601], [-80.1920767240489, 25.8297003220677], [-80.1921073589675, 25.830505241149], [-80.1921229945777, 25.8306091889044], [-80.1921383053553, 25.8309287663363], [-80.1921234811665, 25.8312650285383], [-80.1921439467297, 25.8315529942637], [-80.1921553449265, 25.8317212299441], [-80.1921837761052, 25.8322912472303], [-80.1922296504361, 25.8326990346914], [-80.1922607810344, 25.8330953921259], [-80.1922903266616, 25.8337252552907], [-80.1923018613505, 25.8340413725241], [-80.1923058675868, 25.8341789593392], [-80.1923365416397, 25.834586663077], [-80.192336404935, 25.8349986662881], [-80.1923515528638, 25.8355101444143], [-80.1923516049917, 25.8356704061642], [-80.1923669573246, 25.8363758505908], [-80.1924134941957, 25.8370780292529], [-80.1924284719563, 25.8372228981446], [-80.1924583036653, 25.8378108059352], [-80.1924584056835, 25.8381316741341], [-80.1924579865607, 25.8385852882897], [-80.1924741780279, 25.8391112160529], [-80.1924739111568, 25.8393743058358], [-80.1925041083186, 25.8400763924759], [-80.1941368049932, 25.8400720482472], [-80.1945157643213, 25.8400638329835], [-80.1956172803639, 25.8400417375897], [-80.1965779322512, 25.8399999389927], [-80.1966555000465, 25.8416820864988], [-80.1966554110022, 25.8420328744626], [-80.1966854830525, 25.8429258297573], [-80.1967308079162, 25.8436427882082], [-80.196257913027, 25.8436583991012], [-80.1957851283515, 25.8436578454527], [-80.1951897772768, 25.843685155395], [-80.1946871658998, 25.843711601506], [-80.1943503332526, 25.8437269288139], [-80.1937251420773, 25.8437268976987], [-80.192641044206, 25.8437535466104], [-80.1919249396034, 25.843765382976], [-80.1911004153658, 25.8437924326114], [-80.1908171869417, 25.8438052989928], [-80.1903218630892, 25.8438217972849], [-80.1899565215419, 25.8438376432639], [-80.1893759973278, 25.8438639803014]]]}}, {"type": "Feature", "properties": {"name": "Bayside", "label": "Bayside"}, "geometry": {"type": "Polygon", "coordinates": [[[-80.1843494732332, 25.8411640068151], [-80.1751042850307, 25.841409787591], [-80.1749347631521, 25.8413854382681], [-80.1745273684238, 25.8413831235621], [-80.1756306656364, 25.8405576479124], [-80.1770047917511, 25.8396676674116], [-80.1772607504283, 25.8399423527929], [-80.1784814902329, 25.8392755450612], [-80.1810599894467, 25.8391759291816], [-80.1811974719923, 25.8391340589678], [-80.1813190347541, 25.8389756871592], [-80.1812270600715, 25.8369335527515], [-80.1841878833819, 25.8368523698065], [-80.1842037562827, 25.837280798273], [-80.1842341991893, 25.8379398990255], [-80.1842341318, 25.8381159804428], [-80.1842639513585, 25.8386997612608], [-80.1842638910544, 25.8388748109821], [-80.1842950783157, 25.8395916929121], [-80.1843251186813, 25.840309600051], [-80.1843254296908, 25.8409846949166], [-80.1843494732332, 25.8411640068151]]]}}, {"type": "Feature", "properties": {"name": "Lemon City/Little Haiti", "label": "Lemon City/Little Haiti"}, "geometry": {"type": "Polygon", "coordinates": [[[-80.1941368049932, 25.8400720482472], [-80.1925041083186, 25.8400763924759], [-80.1924739111568, 25.8393743058358], [-80.1924741780279, 25.8391112160529], [-80.1924579865607, 25.8385852882897], [-80.1924584056835, 25.8381316741341], [-80.1924583036653, 25.8378108059352], [-80.1924284719563, 25.8372228981446], [-80.1924134941957, 25.8370780292529], [-80.1923669573246, 25.8363758505908], [-80.1923516049917, 25.8356704061642], [-80.1923515528638, 25.8355101444143], [-80.192336404935, 25.8349986662881], [-80.1923365416397, 25.834586663077], [-80.1923058675868, 25.8341789593392], [-80.1923018613505, 25.8340413725241], [-80.1922903266616, 25.8337252552907], [-80.1922607810344, 25.8330953921259], [-80.1922296504361, 25.8326990346914], [-80.1921837761052, 25.8322912472303], [-80.1921553449265, 25.8317212299441], [-80.1921439467297, 25.8315529942637], [-80.1921234811665, 25.8312650285383], [-80.1921383053553, 25.8309287663363], [-80.1921229945777, 25.8306091889044], [-80.1921073589675, 25.830505241149], [-80.1920767240489, 25.8297003220677], [-80.1900322806818, 25.8297542809601], [-80.1880950035551, 25.8298077791027], [-80.1879116293984, 25.8298383937315], [-80.187685421914, 25.8268193203191], [-80.1876696104658, 25.8265748837902], [-80.1876695190666, 25.8254748873543], [-80.1876695522721, 25.8252750757669], [-80.1877656839692, 25.8247750523934], [-80.188279542184, 25.8220851074067], [-80.1883496860026, 25.821773228733], [-80.1887789573589, 25.8198658922282], [-80.1916497392396, 25.8198318505166], [-80.1916647259831, 25.8201988858408], [-80.1937474246106, 25.8204192092455], [-80.1941833286044, 25.8204656478795], [-80.1957550354677, 25.8206187968778], [-80.1957551996147, 25.820763240803], [-80.1957853549983, 25.8213054106157], [-80.1957998197099, 25.8215266250602], [-80.1958161649468, 25.8219194615996], [-80.1958309176155, 25.8224918099604], [-80.1958310807939, 25.8226362538453], [-80.195861196505, 25.8233531301326], [-80.1958920814142, 25.8239561754196], [-80.1959071905806, 25.8243070482786], [-80.1959076932358, 25.8245701420879], [-80.195937257382, 25.8252000056515], [-80.1960745446024, 25.8251839137653], [-80.196182378686, 25.8254778660615], [-80.1961819227028, 25.8261079073708], [-80.1962274054728, 25.8269129095009], [-80.1962279352429, 25.8273971385234], [-80.196242662334, 25.8278047538088], [-80.1962887825417, 25.8283466674782], [-80.1962970797294, 25.8286373177596], [-80.1963654101702, 25.8295480255136], [-80.1964525315815, 25.8302368444957], [-80.1964692265511, 25.8307751561516], [-80.1964906479857, 25.8313733346623], [-80.1965069379207, 25.8319716562488], [-80.1965128135089, 25.8325927904688], [-80.1962578203282, 25.8325927556568], [-80.1963192146721, 25.8336303281268], [-80.1963861949878, 25.8344318369074], [-80.1964097491725, 25.8349112057081], [-80.1964407282585, 25.835388380603], [-80.1964644954296, 25.8358361110763], [-80.1964872468, 25.8362656079317], [-80.1965328023159, 25.8371166929015], [-80.1965475883878, 25.8376845704107], [-80.1965784352351, 25.8384626647078], [-80.1965781471492, 25.8392368046484], [-80.1965779322512, 25.8399999389927], [-80.1956172803639, 25.8400417375897], [-80.1945157643213, 25.8400638329835], [-80.1941368049932, 25.8400720482472]]]}}, {"type": "Feature", "properties": {"name": "Palm Bay", "label": "Palm Bay"}, "geometry": {"type": "Polygon", "coordinates": [[[-80.1772607504283, 25.8399423527929], [-80.1770047917511, 25.8396676674116], [-80.1773957046857, 25.8394145294126], [-80.1789637024981, 25.8381829220779], [-80.1798223793171, 25.8381576815323], [-80.1801392976289, 25.8374456877437], [-80.179663003131, 25.8374617412416], [-80.1798505124732, 25.8369711822776], [-80.1812270600715, 25.8369335527515], [-80.1813190347541, 25.8389756871592], [-80.1811974719923, 25.8391340589678], [-80.1810599894467, 25.8391759291816], [-80.1784814902329, 25.8392755450612], [-80.1772607504283, 25.8399423527929]]]}}, {"type": "Feature", "properties": {"name": "Edison", "label": "Edison"}, "geometry": {"type": "Polygon", "coordinates": [[[-80.1965779322512, 25.8399999389927], [-80.1965781471492, 25.8392368046484], [-80.1965784352351, 25.8384626647078], [-80.1965475883878, 25.8376845704107], [-80.1965328023159, 25.8371166929015], [-80.1964872468, 25.8362656079317], [-80.1964644954296, 25.8358361110763], [-80.1964407282585, 25.835388380603], [-80.1964097491725, 25.8349112057081], [-80.1963861949878, 25.8344318369074], [-80.1963192146721, 25.8336303281268], [-80.1962578203282, 25.8325927556568], [-80.1965128135089, 25.8325927904688], [-80.1965069379207, 25.8319716562488], [-80.1964906479857, 25.8313733346623], [-80.1964692265511, 25.8307751561516], [-80.1964525315815, 25.8302368444957], [-80.1963654101702, 25.8295480255136], [-80.1962970797294, 25.8286373177596], [-80.1962887825417, 25.8283466674782], [-80.196242662334, 25.8278047538088], [-80.1962279352429, 25.8273971385234], [-80.1962274054728, 25.8269129095009], [-80.1961819227028, 25.8261079073708], [-80.196182378686, 25.8254778660615], [-80.1960745446024, 25.8251839137653], [-80.195937257382, 25.8252000056515], [-80.1959076932358, 25.8245701420879], [-80.1959071905806, 25.8243070482786], [-80.1958920814142, 25.8239561754196], [-80.195861196505, 25.8233531301326], [-80.1958310807939, 25.8226362538453], [-80.1958309176155, 25.8224918099604], [-80.1958161649468, 25.8219194615996], [-80.1957998197099, 25.8215266250602], [-80.1978756816081, 25.8214693157466], [-80.1998751384515, 25.8214160278086], [-80.2019505974255, 25.8213617531566], [-80.2040099100314, 25.8212784721123], [-80.205963386651, 25.821224848437], [-80.2064211963818, 25.8211785140632], [-80.2064514143681, 25.8220604668155], [-80.2065581439604, 25.8240055231266], [-80.2065431957738, 25.8249367525924], [-80.2065274314008, 25.8263893464552], [-80.2064366762918, 25.8274621973893], [-80.20640624108, 25.8277522912277], [-80.206360202621, 25.828102829411], [-80.2062524665179, 25.8287016776991], [-80.2059626595913, 25.8299337013954], [-80.2058411073077, 25.8307230003362], [-80.2058253183518, 25.8323482361247], [-80.2060242362063, 25.836593523335], [-80.2060091840917, 25.8388484616958], [-80.2060241322515, 25.8397403023033], [-80.2057949911228, 25.8397366422841], [-80.2053832979082, 25.8397526178177], [-80.204834141142, 25.8397516761032], [-80.2042839355349, 25.8397940588748], [-80.2040707024991, 25.8397983931431], [-80.2034754776236, 25.8398099184162], [-80.2026361698758, 25.8398355765145], [-80.2023164958981, 25.8398441385734], [-80.2017052590666, 25.8398631346076], [-80.2015680362493, 25.8398671950975], [-80.2006986229437, 25.8399050580531], [-80.1997830258109, 25.8399158357277], [-80.1987448390425, 25.8399586035137], [-80.1971129298307, 25.8400152786744], [-80.1965779322512, 25.8399999389927]]]}}, {"type": "Feature", "properties": {"name": "Liberty Square", "label": "Liberty Square"}, "geometry": {"type": "Polygon", "coordinates": [[[-80.2169957687915, 25.8385614430769], [-80.2169653229262, 25.837875176314], [-80.2169501867895, 25.8373458158568], [-80.2169350050619, 25.8371696513303], [-80.2169042753015, 25.8363533847754], [-80.21684307217, 25.8356057363689], [-80.2168124576791, 25.8349452615258], [-80.2168125952711, 25.8343472006788], [-80.2167969318227, 25.8342442868105], [-80.2167670757782, 25.8335263832763], [-80.2167517837187, 25.8333670704604], [-80.2167205904183, 25.8327946336926], [-80.2166909277061, 25.83198972138], [-80.2174681659937, 25.8319746517567], [-80.2180631707836, 25.8319328032871], [-80.2187195442406, 25.8319205145986], [-80.2194068159358, 25.8318905057178], [-80.2200479824391, 25.8318791610416], [-80.2207652534463, 25.8318524019407], [-80.2214338225174, 25.8318346638475], [-80.2228545644996, 25.8317992826303], [-80.2249767605805, 25.8317146681602], [-80.2253419596955, 25.8317145532475], [-80.2254954094387, 25.8354038234087], [-80.2256478218436, 25.8391948839747], [-80.2252658774569, 25.8391952547557], [-80.2242892747919, 25.8392371582475], [-80.2236026449159, 25.8392788857862], [-80.2231449726327, 25.8392943220748], [-80.2227481320294, 25.8393059555315], [-80.2211305946761, 25.8393175810869], [-80.2190094107593, 25.8394007657419], [-80.2170260886141, 25.8394399545071], [-80.2169957687915, 25.8385614430769]]]}}, {"type": "Feature", "properties": {"name": "Palm Grove", "label": "Palm Grove"}, "geometry": {"type": "Polygon", "coordinates": [[[-80.1863850247177, 25.8372995667368], [-80.1842037562827, 25.837280798273], [-80.1841878833819, 25.8368523698065], [-80.1841732819727, 25.8364600595205], [-80.1841420957125, 25.8357431772959], [-80.1841268566818, 25.8355824856479], [-80.1841113433102, 25.8349076488396], [-80.1840969939534, 25.8341186397777], [-80.184081030173, 25.8338974164957], [-80.1840657767308, 25.8332401202265], [-80.1840510019649, 25.8329009427786], [-80.1840355450799, 25.8325504125707], [-80.1840350382782, 25.8318484902575], [-80.184096231766, 25.831680661828], [-80.1841576349181, 25.8314822268619], [-80.1845698848776, 25.8308266424996], [-80.185088533413, 25.8299491442145], [-80.1853328079898, 25.8295711822899], [-80.1856227466969, 25.8291281326757], [-80.1861105486125, 25.8283691061136], [-80.1865836259393, 25.8275952072995], [-80.1869808079714, 25.8268050615058], [-80.187041452475, 25.8266609590047], [-80.1873926948065, 25.825474371311], [-80.1876370305938, 25.8254747057339], [-80.1876695190666, 25.8254748873543], [-80.1876696104658, 25.8265748837902], [-80.187685421914, 25.8268193203191], [-80.1879116293984, 25.8298383937315], [-80.1879704439194, 25.8324959409562], [-80.1880735076274, 25.8331805527588], [-80.1882096454192, 25.8364530973105], [-80.1882438106039, 25.8372382615825], [-80.1863850247177, 25.8372995667368]]]}}, {"type": "Feature", "properties": {"name": "Legion Park", "label": "Legion Park"}, "geometry": {"type": "Polygon", "coordinates": [[[-80.1812270600715, 25.8369335527515], [-80.1798505124732, 25.8369711822776], [-80.1803887252925, 25.8353867357684], [-80.1804223391008, 25.8352791103781], [-80.1804516187955, 25.8351938144276], [-80.1804873064444, 25.8351436330464], [-80.1805304212657, 25.8350910862079], [-80.180551737138, 25.8350585344564], [-80.1805739847249, 25.8350010552104], [-80.1806644896666, 25.8344131376638], [-80.1808003747279, 25.8338022617699], [-80.1808277620469, 25.8336605535163], [-80.1808745778144, 25.8335395891723], [-80.1808697726984, 25.8333543672029], [-80.1808582305452, 25.8330437520512], [-80.1808588330722, 25.8329562308478], [-80.1840510019649, 25.8329009427786], [-80.1840657767308, 25.8332401202265], [-80.184081030173, 25.8338974164957], [-80.1840969939534, 25.8341186397777], [-80.1841113433102, 25.8349076488396], [-80.1841268566818, 25.8355824856479], [-80.1841420957125, 25.8357431772959], [-80.1841732819727, 25.8364600595205], [-80.1841878833819, 25.8368523698065], [-80.1812270600715, 25.8369335527515]]]}}, {"type": "Feature", "properties": {"name": "Morningside", "label": "Morningside"}, "geometry": {"type": "Polygon", "coordinates": [[[-80.1840510019649, 25.8329009427786], [-80.1808588330722, 25.8329562308478], [-80.180860202665, 25.832757286524], [-80.1808263448506, 25.832486611062], [-80.1807855537903, 25.8322569937473], [-80.18072165416, 25.8320996388406], [-80.180665670557, 25.8319792989284], [-80.1806242193228, 25.8318731411126], [-80.1805791492267, 25.8317683384999], [-80.1805231801595, 25.8316734476832], [-80.1804490424701, 25.8315681371705], [-80.1803675263053, 25.8314583142141], [-80.1802949242467, 25.8313782889517], [-80.1802246259355, 25.8312948384918], [-80.1801841945101, 25.8311787130228], [-80.1800974243562, 25.8310317174857], [-80.18003778285, 25.8309184072243], [-80.1800011987809, 25.8308231092991], [-80.1799806135454, 25.8307222276583], [-80.1799537496779, 25.8306225147004], [-80.1799331113774, 25.8305291986918], [-80.1798831249949, 25.8304211014572], [-80.1798649785516, 25.8303247043462], [-80.1798609733726, 25.8302166942395], [-80.1798512495727, 25.8301112306978], [-80.1798613451115, 25.8300524787927], [-80.1798892256132, 25.8299771482659], [-80.1799289038116, 25.8298716205595], [-80.1799439682297, 25.8297258874727], [-80.1799568448137, 25.8295944155021], [-80.1799705939104, 25.8294466115439], [-80.1799596601831, 25.8293512868595], [-80.1799547730914, 25.8292608118924], [-80.1799680896762, 25.8291757688581], [-80.179955000188, 25.8290900613835], [-80.1799525515302, 25.8290042424608], [-80.1799465160155, 25.8289151357311], [-80.1799550360215, 25.8288367722488], [-80.1799621735025, 25.8287384552918], [-80.1799482777964, 25.8286869624041], [-80.1799313328256, 25.8286093145133], [-80.1798729851547, 25.828501513978], [-80.1798319012252, 25.8284251063536], [-80.1798246869465, 25.8283414954636], [-80.1798173886503, 25.8282425798099], [-80.1798084404755, 25.8281073731621], [-80.1797889282074, 25.828016299311], [-80.1797573206834, 25.8279156993001], [-80.1797321370619, 25.8278479781622], [-80.1796945633543, 25.8277585218682], [-80.1796874958351, 25.8276812745159], [-80.179657295626, 25.8275971899375], [-80.1796108063499, 25.8274781064276], [-80.1795662319708, 25.8274119962145], [-80.1795306053162, 25.8273708701824], [-80.179490334465, 25.8272592161871], [-80.1794681073524, 25.8271485233874], [-80.1794524024001, 25.827056439267], [-80.1794299064332, 25.8269572662603], [-80.1793620689772, 25.8269582587834], [-80.1792441405305, 25.8269493389675], [-80.1791925437809, 25.8268546438368], [-80.1791740714941, 25.8267780198471], [-80.179139276532, 25.8266990678039], [-80.179096748469, 25.8266118183097], [-80.1790392971073, 25.8265394448745], [-80.1789981771198, 25.8264960518357], [-80.1789667110097, 25.826430187909], [-80.1789364095954, 25.8263608905891], [-80.1789207558518, 25.8262889247788], [-80.1789121666113, 25.8262120126924], [-80.1789004216146, 25.8261244216714], [-80.1788561523696, 25.8260691455727], [-80.1788077952425, 25.8260282913347], [-80.1787819095193, 25.8259523132112], [-80.1787774998009, 25.8259029372558], [-80.1789171322092, 25.8257126839907], [-80.1789497789067, 25.8256623141976], [-80.1789834723749, 25.8255705082201], [-80.1790093482316, 25.8255101268667], [-80.179021313224, 25.8254281723062], [-80.1790214527203, 25.8253528566598], [-80.1789918201517, 25.8252968039778], [-80.1789608868551, 25.8252364446576], [-80.1789483287634, 25.82515641498], [-80.1789369566787, 25.8250698577776], [-80.1789150389464, 25.8249969963466], [-80.1788973588768, 25.8249159060023], [-80.1788857963617, 25.8248293477182], [-80.1788742196275, 25.8247448527915], [-80.1788706303447, 25.8246867113983], [-80.178861883764, 25.824605155216], [-80.1788493246101, 25.8245252970215], [-80.1788631842171, 25.8244717259129], [-80.1788592773432, 25.8244321545806], [-80.1788270771067, 25.8243351615696], [-80.1784702133427, 25.8230488141059], [-80.1782384453624, 25.8226874307749], [-80.1782528187458, 25.8222015674646], [-80.1883496860026, 25.821773228733], [-80.188279542184, 25.8220851074067], [-80.1877656839692, 25.8247750523934], [-80.1876695522721, 25.8252750757669], [-80.1876695190666, 25.8254748873543], [-80.1876370305938, 25.8254747057339], [-80.1873926948065, 25.825474371311], [-80.187041452475, 25.8266609590047], [-80.1869808079714, 25.8268050615058], [-80.1865836259393, 25.8275952072995], [-80.1861105486125, 25.8283691061136], [-80.1856227466969, 25.8291281326757], [-80.1853328079898, 25.8295711822899], [-80.185088533413, 25.8299491442145], [-80.1845698848776, 25.8308266424996], [-80.1841576349181, 25.8314822268619], [-80.184096231766, 25.831680661828], [-80.1840350382782, 25.8318484902575], [-80.1840355450799, 25.8325504125707], [-80.1840510019649, 25.8329009427786]]]}}, {"type": "Feature", "properties": {"name": "King Heights", "label": "King Heights"}, "geometry": {"type": "Polygon", "coordinates": [[[-80.2058253183518, 25.8323482361247], [-80.2058411073077, 25.8307230003362], [-80.2059626595913, 25.8299337013954], [-80.2062524665179, 25.8287016776991], [-80.2067255549723, 25.828647859516], [-80.2069096033369, 25.8285721727607], [-80.2073521909951, 25.8285904075969], [-80.2077487351971, 25.8285609307529], [-80.2083587312441, 25.8285484356849], [-80.2094578898226, 25.8285217496689], [-80.209686096766, 25.8284913506527], [-80.2099307171365, 25.828507126004], [-80.2104955128962, 25.8284912810012], [-80.2113040158171, 25.8284571540787], [-80.2114712649548, 25.8284501519195], [-80.2124480654598, 25.8284227782803], [-80.2144165760083, 25.828354336455], [-80.2164311687446, 25.8282702957385], [-80.2185826389622, 25.8282323600227], [-80.2205811652248, 25.8281639950548], [-80.2227478626418, 25.8281216084587], [-80.2248084283302, 25.8280376972979], [-80.2252958710822, 25.8280248210692], [-80.2252969745208, 25.829868882131], [-80.2256064578429, 25.8298454265845], [-80.2256014439246, 25.8306157626729], [-80.2253080818684, 25.830614198793], [-80.2253349215002, 25.8309861099154], [-80.2253419596955, 25.8317145532475], [-80.2249767605805, 25.8317146681602], [-80.2228545644996, 25.8317992826303], [-80.2214338225174, 25.8318346638475], [-80.2207652534463, 25.8318524019407], [-80.2200479824391, 25.8318791610416], [-80.2194068159358, 25.8318905057178], [-80.2187195442406, 25.8319205145986], [-80.2180631707836, 25.8319328032871], [-80.2174681659937, 25.8319746517567], [-80.2166909277061, 25.83198972138], [-80.2146152940377, 25.8320428267634], [-80.2126156593146, 25.8320963134454], [-80.2115179639292, 25.8321264706883], [-80.2106322368001, 25.8321691203954], [-80.2085112725668, 25.8322377110079], [-80.2075346465038, 25.8322911955218], [-80.2070467059041, 25.832290596681], [-80.2065278765911, 25.8323059911687], [-80.2058253183518, 25.8323482361247]]]}}, {"type": "Feature", "properties": {"name": "Orchard Villa", "label": "Orchard Villa"}, "geometry": {"type": "Polygon", "coordinates": [[[-80.2067255549723, 25.828647859516], [-80.2062524665179, 25.8287016776991], [-80.206360202621, 25.828102829411], [-80.20640624108, 25.8277522912277], [-80.2064366762918, 25.8274621973893], [-80.2065274314008, 25.8263893464552], [-80.2065431957738, 25.8249367525924], [-80.2070159598097, 25.8249293598815], [-80.2076112165835, 25.8249019991341], [-80.2081762722955, 25.8249016410241], [-80.2096408766231, 25.8248294836173], [-80.2103877441291, 25.8248029359857], [-80.2110450082729, 25.8248223256755], [-80.2113342641768, 25.8248104833963], [-80.2122650725811, 25.8247804534669], [-80.214264509389, 25.8247383172786], [-80.2162789435263, 25.8246690647552], [-80.2183993914995, 25.8246003554014], [-80.2204590329363, 25.824532319702], [-80.2224584433856, 25.8244935095657], [-80.2226268275786, 25.8244865005225], [-80.2246253406411, 25.8244101687584], [-80.2246865150515, 25.8251691655222], [-80.2247014085726, 25.825916221472], [-80.2247168693039, 25.8266343920295], [-80.2247630248204, 25.8273657948199], [-80.2248084283302, 25.8280376972979], [-80.2227478626418, 25.8281216084587], [-80.2205811652248, 25.8281639950548], [-80.2185826389622, 25.8282323600227], [-80.2164311687446, 25.8282702957385], [-80.2144165760083, 25.828354336455], [-80.2124480654598, 25.8284227782803], [-80.2114712649548, 25.8284501519195], [-80.2113040158171, 25.8284571540787], [-80.2104955128962, 25.8284912810012], [-80.2099307171365, 25.828507126004], [-80.209686096766, 25.8284913506527], [-80.2094578898226, 25.8285217496689], [-80.2083587312441, 25.8285484356849], [-80.2077487351971, 25.8285609307529], [-80.2073521909951, 25.8285904075969], [-80.2069096033369, 25.8285721727607], [-80.2067255549723, 25.828647859516]]]}}, {"type": "Feature", "properties": {"name": "Flora Park", "label": "Flora Park"}, "geometry": {"type": "Polygon", "coordinates": [[[-80.2248084283302, 25.8280376972979], [-80.2247630248204, 25.8273657948199], [-80.2247168693039, 25.8266343920295], [-80.2247014085726, 25.825916221472], [-80.2246865150515, 25.8251691655222], [-80.2246253406411, 25.8244101687584], [-80.2245946055755, 25.8235285579089], [-80.2245638296434, 25.8229447755757], [-80.2245336382615, 25.8222131127105], [-80.2245184686875, 25.821450235105], [-80.2244878879114, 25.8207784111075], [-80.2244570338238, 25.8197984402705], [-80.2244120235315, 25.8192417505099], [-80.22438174377, 25.8185238440802], [-80.2243652308314, 25.8179673053923], [-80.2243652312526, 25.8177922546802], [-80.2242896464794, 25.8169712765484], [-80.2242439683221, 25.816342360229], [-80.224243595626, 25.8161662757623], [-80.2242126395338, 25.8155522260477], [-80.2242131100269, 25.8154800075935], [-80.224182728727, 25.8147779200856], [-80.2241680405417, 25.8139999113853], [-80.2241368862536, 25.8132414184619], [-80.2241067056649, 25.8126834307933], [-80.2241064329135, 25.812550335463], [-80.2241057593936, 25.8122456253447], [-80.2261049859641, 25.812203320334], [-80.2265253122871, 25.8121887058506], [-80.2281043812753, 25.8121348515544], [-80.2281251098765, 25.8128055918513], [-80.2281651779606, 25.8131308019565], [-80.228196538501, 25.8139199044328], [-80.2282117455968, 25.8146219110266], [-80.2282726186915, 25.8154304289751], [-80.2282566534749, 25.8161934867231], [-80.2283032163245, 25.8168650507376], [-80.2283185319787, 25.817609015493], [-80.228348446384, 25.8183871038149], [-80.2283947160689, 25.8191040630128], [-80.2284248529443, 25.8198477623238], [-80.2284549665546, 25.8205952435371], [-80.2284700724108, 25.821313068803], [-80.2285165250884, 25.8220606375108], [-80.2285468377978, 25.8227775116359], [-80.2285624188318, 25.8234220856532], [-80.2286228514281, 25.8242993830135], [-80.2286691296572, 25.8250741193041], [-80.2286990481059, 25.8258518629543], [-80.22874464958, 25.8264965969523], [-80.2287611810615, 25.827229217315], [-80.2288066160628, 25.8278997434814], [-80.2268231935457, 25.8279841219525], [-80.2252958710822, 25.8280248210692], [-80.2248084283302, 25.8280376972979]]]}}, {"type": "Feature", "properties": {"name": "Hadley Park", "label": "Hadley Park"}, "geometry": {"type": "Polygon", "coordinates": [[[-80.2065431957738, 25.8249367525924], [-80.2065581439604, 25.8240055231266], [-80.2064514143681, 25.8220604668155], [-80.2064211963818, 25.8211785140632], [-80.2063898772981, 25.8204616320419], [-80.2063449436606, 25.8193361089897], [-80.2062837104834, 25.8175209542404], [-80.2062835931193, 25.8171395556253], [-80.2062534351714, 25.8156787993471], [-80.2062079742706, 25.8144617921441], [-80.2062076551437, 25.8141106571247], [-80.2061124228176, 25.8124942679126], [-80.2064365808927, 25.8125429818501], [-80.2068639045636, 25.8125621664409], [-80.2084956953723, 25.8126377797556], [-80.2117311974238, 25.8125549403422], [-80.2135934419826, 25.812485927665], [-80.2157895642967, 25.8124324490072], [-80.2184298551117, 25.8123789194356], [-80.2191468305142, 25.8123793334236], [-80.220703484565, 25.8123257831477], [-80.2241057593936, 25.8122456253447], [-80.2241064329135, 25.812550335463], [-80.2241067056649, 25.8126834307933], [-80.2241368862536, 25.8132414184619], [-80.2241680405417, 25.8139999113853], [-80.224182728727, 25.8147779200856], [-80.2242131100269, 25.8154800075935], [-80.2242126395338, 25.8155522260477], [-80.224243595626, 25.8161662757623], [-80.2242439683221, 25.816342360229], [-80.2242896464794, 25.8169712765484], [-80.2243652312526, 25.8177922546802], [-80.2243652308314, 25.8179673053923], [-80.22438174377, 25.8185238440802], [-80.2244120235315, 25.8192417505099], [-80.2244570338238, 25.8197984402705], [-80.2244878879114, 25.8207784111075], [-80.2245184686875, 25.821450235105], [-80.2245336382615, 25.8222131127105], [-80.2245638296434, 25.8229447755757], [-80.2245946055755, 25.8235285579089], [-80.2246253406411, 25.8244101687584], [-80.2226268275786, 25.8244865005225], [-80.2224584433856, 25.8244935095657], [-80.2204590329363, 25.824532319702], [-80.2183993914995, 25.8246003554014], [-80.2162789435263, 25.8246690647552], [-80.214264509389, 25.8247383172786], [-80.2122650725811, 25.8247804534669], [-80.2113342641768, 25.8248104833963], [-80.2110450082729, 25.8248223256755], [-80.2103877441291, 25.8248029359857], [-80.2096408766231, 25.8248294836173], [-80.2081762722955, 25.8249016410241], [-80.2076112165835, 25.8249019991341], [-80.2070159598097, 25.8249293598815], [-80.2065431957738, 25.8249367525924]]]}}, {"type": "Feature", "properties": {"name": "Baypoint", "label": "Baypoint"}, "geometry": {"type": "Polygon", "coordinates": [[[-80.1883496860026, 25.821773228733], [-80.1782528187458, 25.8222015674646], [-80.178262189787, 25.8218900383177], [-80.1783151540182, 25.8216210570611], [-80.1783960024739, 25.8215236713487], [-80.1784976764225, 25.8214920912927], [-80.1830094657827, 25.8214009414904], [-80.1839765071369, 25.8213479104373], [-80.1846239203742, 25.8209433229405], [-80.1848847334745, 25.8204781004826], [-80.1850177250557, 25.8198955744581], [-80.1849565163705, 25.8194285456379], [-80.1842527014974, 25.8186664469893], [-80.1837436846925, 25.8177302171013], [-80.1832336842202, 25.816910908367], [-80.1830420127781, 25.8165752067933], [-80.1831086217246, 25.81622634027], [-80.1832410623816, 25.8159184255807], [-80.1852439604689, 25.8143493995544], [-80.1852579854628, 25.8140489003986], [-80.1901158329269, 25.8138451131356], [-80.1899697097856, 25.8145754528906], [-80.1887789573589, 25.8198658922282], [-80.1883496860026, 25.821773228733]]]}}, {"type": "Feature", "properties": {"name": "Buena Vista Heights", "label": "Buena Vista Heights"}, "geometry": {"type": "Polygon", "coordinates": [[[-80.1957998197099, 25.8215266250602], [-80.1957853549983, 25.8213054106157], [-80.1957551996147, 25.820763240803], [-80.1957550354677, 25.8206187968778], [-80.195724332843, 25.819988926626], [-80.1956784748108, 25.81918392162], [-80.1956481769858, 25.8184942135374], [-80.1956327159284, 25.8176893765911], [-80.1956168759698, 25.8168845374625], [-80.1955866646644, 25.8161821041563], [-80.195571068898, 25.8159034506784], [-80.1955568624767, 25.8154191452612], [-80.1955258004611, 25.8150114388909], [-80.1955104872837, 25.8147472301614], [-80.1954799863684, 25.814087784444], [-80.1954500781288, 25.8133406445134], [-80.1954339337885, 25.8125808551901], [-80.1954040282654, 25.8118333712173], [-80.1954036899931, 25.811714720168], [-80.1953582568712, 25.8114097634555], [-80.1959994167296, 25.8113830470318], [-80.1974482428665, 25.8114292275629], [-80.1980279523259, 25.8114437758098], [-80.1994629043536, 25.8114630348981], [-80.199477389955, 25.8117385878952], [-80.199508742871, 25.8124441226713], [-80.1995549376046, 25.8132027009697], [-80.1995696706802, 25.8139501008839], [-80.199599907633, 25.8146521902238], [-80.1995846648014, 25.8148849338935], [-80.1996150218501, 25.8153995920944], [-80.1996155948972, 25.8158229506156], [-80.1996461170317, 25.8161436437112], [-80.1996615416491, 25.8167882177408], [-80.1996609267897, 25.8168796947939], [-80.19969143064, 25.8177117834548], [-80.1997372528356, 25.8183565247253], [-80.1997532676381, 25.8185743084466], [-80.1997685316274, 25.8190734074287], [-80.199767762582, 25.8195270213537], [-80.1997979727471, 25.8198941410328], [-80.1998437280876, 25.8204924541751], [-80.1998590656396, 25.8206414516268], [-80.1998751384515, 25.8214160278086], [-80.1978756816081, 25.8214693157466], [-80.1957998197099, 25.8215266250602]]]}}, {"type": "Feature", "properties": {"name": "Buena Vista West", "label": "Buena Vista West"}, "geometry": {"type": "Polygon", "coordinates": [[[-80.1998751384515, 25.8214160278086], [-80.1998590656396, 25.8206414516268], [-80.1998437280876, 25.8204924541751], [-80.1997979727471, 25.8198941410328], [-80.199767762582, 25.8195270213537], [-80.1997685316274, 25.8190734074287], [-80.1997532676381, 25.8185743084466], [-80.1997372528356, 25.8183565247253], [-80.19969143064, 25.8177117834548], [-80.1996609267897, 25.8168796947939], [-80.1996615416491, 25.8167882177408], [-80.1996461170317, 25.8161436437112], [-80.1996155948972, 25.8158229506156], [-80.1996150218501, 25.8153995920944], [-80.1995846648014, 25.8148849338935], [-80.199599907633, 25.8146521902238], [-80.1995696706802, 25.8139501008839], [-80.1995549376046, 25.8132027009697], [-80.199508742871, 25.8124441226713], [-80.199477389955, 25.8117385878952], [-80.1994629043536, 25.8114630348981], [-80.1997681547332, 25.8114973877496], [-80.2014307176775, 25.8116272439645], [-80.2015381416905, 25.811642622106], [-80.203262029103, 25.8119206757986], [-80.2040712956428, 25.8120967211362], [-80.2055669908005, 25.8124096093891], [-80.2059780528065, 25.8124741036326], [-80.2061124228176, 25.8124942679126], [-80.2062076551437, 25.8141106571247], [-80.2062079742706, 25.8144617921441], [-80.2062534351714, 25.8156787993471], [-80.2062835931193, 25.8171395556253], [-80.2062837104834, 25.8175209542404], [-80.2063449436606, 25.8193361089897], [-80.2063898772981, 25.8204616320419], [-80.2064211963818, 25.8211785140632], [-80.205963386651, 25.821224848437], [-80.2040099100314, 25.8212784721123], [-80.2019505974255, 25.8213617531566], [-80.1998751384515, 25.8214160278086]]]}}, {"type": "Feature", "properties": {"name": "Baypoint", "label": "Baypoint"}, "geometry": {"type": "Polygon", "coordinates": [[[-80.1792344892214, 25.8210751365399], [-80.179169539708, 25.8210711591495], [-80.178721160772, 25.821043692321], [-80.1786547041654, 25.8209827882679], [-80.1785550165513, 25.8208092388618], [-80.178512832324, 25.8206174425695], [-80.1785766267306, 25.8202931524773], [-80.1800476151718, 25.8184047963588], [-80.1820350371612, 25.816860663053], [-80.182525367934, 25.8168634216292], [-80.1827179857702, 25.8169226260425], [-80.1837380855456, 25.8185467998998], [-80.1839284964702, 25.8189562620079], [-80.183991300151, 25.8191899578549], [-80.183731686688, 25.8194801359186], [-80.1835374862113, 25.8195956304809], [-80.183342484508, 25.8198278771609], [-80.183146871631, 25.8201767064023], [-80.1831448707225, 25.8204683309952], [-80.1832068737195, 25.8208186079875], [-80.1831412677817, 25.8209932888041], [-80.1828830602867, 25.8210501299561], [-80.1792344892214, 25.8210751365399]]]}}, {"type": "Feature", "properties": {"name": "Historic Buena Vista East", "label": "Historic Buena Vista East"}, "geometry": {"type": "Polygon", "coordinates": [[[-80.1957550354677, 25.8206187968778], [-80.1941833286044, 25.8204656478795], [-80.1937474246106, 25.8204192092455], [-80.1916647259831, 25.8201988858408], [-80.1916497392396, 25.8198318505166], [-80.1916505402556, 25.8193782364924], [-80.1916344318336, 25.8191762713942], [-80.1916040593959, 25.8185010065972], [-80.1915583460164, 25.8179026917018], [-80.1915433391895, 25.816979208267], [-80.1915130655342, 25.8162894996998], [-80.1914825208971, 25.8154718541065], [-80.1914665751461, 25.8148544457138], [-80.1934813238017, 25.8147710640058], [-80.1955104872837, 25.8147472301614], [-80.1955258004611, 25.8150114388909], [-80.1955568624767, 25.8154191452612], [-80.195571068898, 25.8159034506784], [-80.1955866646644, 25.8161821041563], [-80.1956168759698, 25.8168845374625], [-80.1956327159284, 25.8176893765911], [-80.1956481769858, 25.8184942135374], [-80.1956784748108, 25.81918392162], [-80.195724332843, 25.819988926626], [-80.1957550354677, 25.8206187968778]]]}}, {"type": "Feature", "properties": {"name": "Brentwood", "label": "Brentwood"}, "geometry": {"type": "Polygon", "coordinates": [[[-80.1916497392396, 25.8198318505166], [-80.1887789573589, 25.8198658922282], [-80.1899697097856, 25.8145754528906], [-80.1903108369412, 25.8146987546873], [-80.1914515982518, 25.8147099193687], [-80.1914665751461, 25.8148544457138], [-80.1914825208971, 25.8154718541065], [-80.1915130655342, 25.8162894996998], [-80.1915433391895, 25.816979208267], [-80.1915583460164, 25.8179026917018], [-80.1916040593959, 25.8185010065972], [-80.1916344318336, 25.8191762713942], [-80.1916505402556, 25.8193782364924], [-80.1916497392396, 25.8198318505166]]]}}, {"type": "Feature", "properties": {"name": "Design District", "label": "Design District"}, "geometry": {"type": "Polygon", "coordinates": [[[-80.1934813238017, 25.8147710640058], [-80.1914665751461, 25.8148544457138], [-80.1914515982518, 25.8147099193687], [-80.1903108369412, 25.8146987546873], [-80.1899697097856, 25.8145754528906], [-80.1901158329269, 25.8138451131356], [-80.1903378698543, 25.8127348313366], [-80.1908270153093, 25.8113999143745], [-80.1908311921778, 25.8113722525934], [-80.1908868606629, 25.8113715307251], [-80.1912836296875, 25.8113568870702], [-80.192183711053, 25.8113605159429], [-80.1932373150244, 25.8113608653369], [-80.1937252555669, 25.8113487844051], [-80.194656412739, 25.8113642631908], [-80.1953582568712, 25.8114097634555], [-80.1954036899931, 25.811714720168], [-80.1954040282654, 25.8118333712173], [-80.1954339337885, 25.8125808551901], [-80.1954500781288, 25.8133406445134], [-80.1954799863684, 25.814087784444], [-80.1955104872837, 25.8147472301614], [-80.1934813238017, 25.8147710640058]]]}}, {"type": "Feature", "properties": {"name": "Magnolia Park", "label": "Magnolia Park"}, "geometry": {"type": "Polygon", "coordinates": [[[-80.1901158329269, 25.8138451131356], [-80.1852579854628, 25.8140489003986], [-80.1852812583929, 25.8134518306547], [-80.1853067784181, 25.811471049485], [-80.18530412817, 25.8113308909625], [-80.1860493549393, 25.8114212157165], [-80.1866602099676, 25.8114370153905], [-80.1884451605309, 25.8113905903238], [-80.1893454171037, 25.8113684446755], [-80.1908311921778, 25.8113722525934], [-80.1908270153093, 25.8113999143745], [-80.1903378698543, 25.8127348313366], [-80.1901158329269, 25.8138451131356]]]}}, {"type": "Feature", "properties": {"name": "Santa Clara", "label": "Santa Clara"}, "geometry": {"type": "Polygon", "coordinates": [[[-80.2068639045636, 25.8125621664409], [-80.2064365808927, 25.8125429818501], [-80.2061124228176, 25.8124942679126], [-80.2061001240069, 25.812287338384], [-80.2060544996138, 25.8116649531511], [-80.2060241008142, 25.8105824967421], [-80.2059779572557, 25.8094683145845], [-80.2059627158368, 25.8091329176392], [-80.2058565368094, 25.8063669428334], [-80.2057501797635, 25.8036281348424], [-80.2053837759176, 25.8002334406353], [-80.2053452016322, 25.798896787234], [-80.2071534505317, 25.7988602294799], [-80.2079005338164, 25.79883403671], [-80.2085579920699, 25.7988025376146], [-80.2092596657979, 25.7988063547277], [-80.2112738629159, 25.7987643320184], [-80.2112728516369, 25.7990893236865], [-80.2133179295071, 25.7990316194774], [-80.2153471933056, 25.7989521348274], [-80.215331858058, 25.7986270538219], [-80.2173470871765, 25.7986007722986], [-80.2193299212096, 25.7985323310127], [-80.2214513281419, 25.7984780170775], [-80.2235114591447, 25.7984405404877], [-80.2235273145518, 25.7988639820996], [-80.223526638298, 25.7993176004062], [-80.2235567109431, 25.8002411676023], [-80.2236180455946, 25.8012065147119], [-80.2236643618191, 25.8021446135208], [-80.2236947358913, 25.8030220971459], [-80.2237707866901, 25.8043531031414], [-80.2238010682755, 25.8050699792243], [-80.2238015306233, 25.805348894359], [-80.2238159482914, 25.8058184127178], [-80.2238472828288, 25.8061989478237], [-80.2238923835946, 25.8067408509703], [-80.2239234310641, 25.8076902165825], [-80.2239240722841, 25.8085830167735], [-80.2239354328406, 25.8089386836152], [-80.2239537741541, 25.8095640146581], [-80.2240004670232, 25.8102699727371], [-80.2240296305751, 25.8109256263805], [-80.2240761488474, 25.8118334600887], [-80.2241057593936, 25.8122456253447], [-80.220703484565, 25.8123257831477], [-80.2191468305142, 25.8123793334236], [-80.2184298551117, 25.8123789194356], [-80.2157895642967, 25.8124324490072], [-80.2135934419826, 25.812485927665], [-80.2117311974238, 25.8125549403422], [-80.2084956953723, 25.8126377797556], [-80.2068639045636, 25.8125621664409]]]}}, {"type": "Feature", "properties": {"name": "Old San Juan", "label": "Old San Juan"}, "geometry": {"type": "Polygon", "coordinates": [[[-80.2059780528065, 25.8124741036326], [-80.2055669908005, 25.8124096093891], [-80.2040712956428, 25.8120967211362], [-80.203262029103, 25.8119206757986], [-80.2015381416905, 25.811642622106], [-80.2014307176775, 25.8116272439645], [-80.1997681547332, 25.8114973877496], [-80.1994629043536, 25.8114630348981], [-80.1980279523259, 25.8114437758098], [-80.1974482428665, 25.8114292275629], [-80.1959994167296, 25.8113830470318], [-80.1953582568712, 25.8114097634555], [-80.1953737094338, 25.8111471014213], [-80.1953426656044, 25.8103996101018], [-80.1953116279953, 25.80965108792], [-80.1952816736657, 25.8090796861693], [-80.1952670876218, 25.8088766978084], [-80.1952666105215, 25.8081599841909], [-80.1952354666946, 25.8074272809771], [-80.1952056394481, 25.8066684470481], [-80.1951743623727, 25.8057868297522], [-80.1951591125498, 25.8048949829199], [-80.1951521356286, 25.8046342599619], [-80.1951295401818, 25.8039298042133], [-80.1950980839104, 25.8032435264952], [-80.1950982649105, 25.8029917847234], [-80.1950828009071, 25.8025253547581], [-80.1950686431568, 25.8022590894324], [-80.1950528388888, 25.8016179502199], [-80.194992196062, 25.8008094231888], [-80.1970824918167, 25.8007552935528], [-80.1991112337631, 25.8007021704556], [-80.199141570923, 25.801388784792], [-80.1991728376856, 25.802106700778], [-80.1991878562307, 25.8024723620292], [-80.1992026691241, 25.8028686300002], [-80.1992338912132, 25.8038193735367], [-80.201263170249, 25.8037504045173], [-80.2032623302086, 25.8036970618954], [-80.2053074580721, 25.803643942992], [-80.2057501797635, 25.8036281348424], [-80.2058565368094, 25.8063669428334], [-80.2059627158368, 25.8091329176392], [-80.2059779572557, 25.8094683145845], [-80.2060241008142, 25.8105824967421], [-80.2060544996138, 25.8116649531511], [-80.2061001240069, 25.812287338384], [-80.2061124228176, 25.8124942679126], [-80.2059780528065, 25.8124741036326]]]}}, {"type": "Feature", "properties": {"name": "Melrose", "label": "Melrose"}, "geometry": {"type": "Polygon", "coordinates": [[[-80.2241057593936, 25.8122456253447], [-80.2240761488474, 25.8118334600887], [-80.2240296305751, 25.8109256263805], [-80.2240004670232, 25.8102699727371], [-80.2239537741541, 25.8095640146581], [-80.2239354328406, 25.8089386836152], [-80.2239240722841, 25.8085830167735], [-80.2239234310641, 25.8076902165825], [-80.2238923835946, 25.8067408509703], [-80.2238472828288, 25.8061989478237], [-80.2238159482914, 25.8058184127178], [-80.2238015306233, 25.805348894359], [-80.2238010682755, 25.8050699792243], [-80.2237707866901, 25.8043531031414], [-80.2236947358913, 25.8030220971459], [-80.2236643618191, 25.8021446135208], [-80.2236180455946, 25.8012065147119], [-80.2235567109431, 25.8002411676023], [-80.223526638298, 25.7993176004062], [-80.2235273145518, 25.7988639820996], [-80.2235114591447, 25.7984405404877], [-80.2256164394461, 25.7983413696738], [-80.2263498431696, 25.7983146652133], [-80.2275708704355, 25.7982578755366], [-80.2290601399374, 25.7981969962097], [-80.2296461197454, 25.7981729325786], [-80.2316441377779, 25.798104747439], [-80.2326978009973, 25.7980786709279], [-80.2337346682917, 25.7980060703351], [-80.2348182548141, 25.7979938925291], [-80.2357958359589, 25.7979832130905], [-80.2368171432504, 25.7979669100714], [-80.237809446611, 25.7979710834171], [-80.2388161028247, 25.7979288953398], [-80.239884486855, 25.7979176328162], [-80.2398997969971, 25.7988524709084], [-80.239930265234, 25.7997340819277], [-80.2399603949445, 25.8006686533436], [-80.2399759806361, 25.8015605036871], [-80.2400074066563, 25.8025301614523], [-80.2400522592744, 25.8034795985352], [-80.2400836211906, 25.8044595721345], [-80.240097680277, 25.8053524457856], [-80.2401236891926, 25.8058017335017], [-80.2401742329214, 25.8062762548849], [-80.2402205160335, 25.8072401422989], [-80.2402506175925, 25.8081795282815], [-80.2402664417601, 25.8086174126477], [-80.2402960345584, 25.809040924699], [-80.2403120370555, 25.8095104506099], [-80.2403115395143, 25.8095585963751], [-80.2403419221138, 25.8100670592749], [-80.240372226527, 25.8109748053045], [-80.2280428163748, 25.8112575476015], [-80.228106728271, 25.811772724372], [-80.2281043812753, 25.8121348515544], [-80.2265253122871, 25.8121887058506], [-80.2261049859641, 25.812203320334], [-80.2241057593936, 25.8122456253447]]]}}, {"type": "Feature", "properties": {"name": "Edgewater", "label": "Edgewater"}, "geometry": {"type": "Polygon", "coordinates": [[[-80.1893454171037, 25.8113684446755], [-80.1884451605309, 25.8113905903238], [-80.1866602099676, 25.8114370153905], [-80.1860493549393, 25.8114212157165], [-80.18530412817, 25.8113308909625], [-80.1853016438665, 25.8111941724428], [-80.1853039231121, 25.8106666265291], [-80.1853385272207, 25.806579614287], [-80.1853600698475, 25.8038740172646], [-80.1867657293506, 25.8038569531558], [-80.1867633329115, 25.803818421159], [-80.1867599474665, 25.8037855594657], [-80.1867718100857, 25.8037732451278], [-80.1867995949417, 25.8037658336488], [-80.1868237699941, 25.8037585752841], [-80.1868651902369, 25.8037574312959], [-80.1868465909676, 25.8031982999064], [-80.1868183485604, 25.8031892003526], [-80.186785318119, 25.8031857480451], [-80.186761841463, 25.8031742677786], [-80.1867344257758, 25.8031553719064], [-80.1867201525342, 25.8031313900167], [-80.1867034516725, 25.8031012042034], [-80.1866716508792, 25.8030568336986], [-80.1853229675329, 25.8030771399842], [-80.1853449825108, 25.7970792830794], [-80.1868602162487, 25.7970267190611], [-80.1868947617937, 25.7970026671321], [-80.1869211076269, 25.7969832107584], [-80.1869323141625, 25.796955589248], [-80.1869593206267, 25.796922896543], [-80.186963866526, 25.7968690998598], [-80.18696837606, 25.7968206330998], [-80.1869752024279, 25.7967666776618], [-80.1869810502544, 25.7967170151547], [-80.1869562524132, 25.7957577081085], [-80.1869559070474, 25.7955300361477], [-80.1869552784634, 25.7951766645423], [-80.1853590329664, 25.7951906015201], [-80.1853873604158, 25.7922133479443], [-80.1868305275932, 25.7921631306797], [-80.1870580516418, 25.7920005287903], [-80.1876589715233, 25.7923725597997], [-80.1881871860542, 25.792348167825], [-80.1889415243047, 25.7923387922925], [-80.1898618680888, 25.7923303366896], [-80.1907794332483, 25.7922835144309], [-80.1907803053697, 25.7925466121423], [-80.1916712495198, 25.7925042784837], [-80.1923953940966, 25.7925218860327], [-80.1931648313018, 25.7924988151879], [-80.1939648427639, 25.7924487409064], [-80.1947491060698, 25.7924802547417], [-80.1948200505951, 25.7939845745336], [-80.1946283721533, 25.7946059927039], [-80.1944345882228, 25.7955104393832], [-80.194427934991, 25.7955392908649], [-80.1926842615003, 25.8031257668072], [-80.1926814034488, 25.8035475576142], [-80.192546201939, 25.8038480732145], [-80.1925045968248, 25.8040167029192], [-80.1909717699163, 25.8102264363098], [-80.19096175582, 25.8105259270438], [-80.1908311921778, 25.8113722525934], [-80.1893454171037, 25.8113684446755]]]}}, {"type": "Feature", "properties": {"name": "Midtown", "label": "Midtown"}, "geometry": {"type": "Polygon", "coordinates": [[[-80.1908868606629, 25.8113715307251], [-80.1908311921778, 25.8113722525934], [-80.19096175582, 25.8105259270438], [-80.1909717699163, 25.8102264363098], [-80.1925045968248, 25.8040167029192], [-80.1926115634842, 25.8040142017588], [-80.1929319546546, 25.8039977533655], [-80.1951295401818, 25.8039298042133], [-80.1951521356286, 25.8046342599619], [-80.1951591125498, 25.8048949829199], [-80.1951743623727, 25.8057868297522], [-80.1952056394481, 25.8066684470481], [-80.1952354666946, 25.8074272809771], [-80.1952666105215, 25.8081599841909], [-80.1952670876218, 25.8088766978084], [-80.1952816736657, 25.8090796861693], [-80.1953116279953, 25.80965108792], [-80.1953426656044, 25.8103996101018], [-80.1953737094338, 25.8111471014213], [-80.1953582568712, 25.8114097634555], [-80.194656412739, 25.8113642631908], [-80.1937252555669, 25.8113487844051], [-80.1932373150244, 25.8113608653369], [-80.192183711053, 25.8113605159429], [-80.1912836296875, 25.8113568870702], [-80.1908868606629, 25.8113715307251]]]}}, {"type": "Feature", "properties": {"name": "36th Street Strip", "label": "36th Street Strip"}, "geometry": {"type": "Polygon", "coordinates": [[[-80.2403120370555, 25.8095104506099], [-80.2402960345584, 25.809040924699], [-80.2402664417601, 25.8086174126477], [-80.2566339319811, 25.8081261539578], [-80.256585777047, 25.806680263295], [-80.2577784488685, 25.806672602154], [-80.258675059018, 25.8072592535348], [-80.2588300112716, 25.8076968156017], [-80.2588620863709, 25.8085258128687], [-80.2588704499384, 25.8089218735392], [-80.2433411179499, 25.809490138048], [-80.2403115395143, 25.8095585963751], [-80.2403120370555, 25.8095104506099]]]}}, {"type": "Feature", "properties": {"name": "Wynwood Industrial District", "label": "Wynwood Industrial District"}, "geometry": {"type": "Polygon", "coordinates": [[[-80.1926115634842, 25.8040142017588], [-80.1925045968248, 25.8040167029192], [-80.192546201939, 25.8038480732145], [-80.1926814034488, 25.8035475576142], [-80.1926842615003, 25.8031257668072], [-80.194427934991, 25.7955392908649], [-80.1945803647357, 25.7955260348505], [-80.1948546524211, 25.795526177977], [-80.1958160888097, 25.7954840380561], [-80.1967315547453, 25.7954419817749], [-80.1977080789169, 25.7954157324612], [-80.1985010097778, 25.7954042847133], [-80.1988976281551, 25.795404062603], [-80.1989290407598, 25.7959304208743], [-80.1989737851602, 25.7966776447823], [-80.1989895068864, 25.7976733557868], [-80.1990048275075, 25.7979939659545], [-80.1990358686536, 25.7984061433532], [-80.1990502949182, 25.798859843087], [-80.1990660248834, 25.7991195826936], [-80.1990815283817, 25.7994130250094], [-80.199066630892, 25.7997640774524], [-80.1990806148446, 25.8000575113748], [-80.1991112337631, 25.8007021704556], [-80.1970824918167, 25.8007552935528], [-80.194992196062, 25.8008094231888], [-80.1950528388888, 25.8016179502199], [-80.1950686431568, 25.8022590894324], [-80.1950828009071, 25.8025253547581], [-80.1950982649105, 25.8029917847234], [-80.1950980839104, 25.8032435264952], [-80.1951295401818, 25.8039298042133], [-80.1929319546546, 25.8039977533655], [-80.1926115634842, 25.8040142017588]]]}}, {"type": "Feature", "properties": {"name": "Fashion District", "label": "Fashion District"}, "geometry": {"type": "Polygon", "coordinates": [[[-80.1992338912132, 25.8038193735367], [-80.1992026691241, 25.8028686300002], [-80.1991878562307, 25.8024723620292], [-80.1991728376856, 25.802106700778], [-80.199141570923, 25.801388784792], [-80.1991112337631, 25.8007021704556], [-80.1990806148446, 25.8000575113748], [-80.199066630892, 25.7997640774524], [-80.1990815283817, 25.7994130250094], [-80.1990660248834, 25.7991195826936], [-80.1990502949182, 25.798859843087], [-80.1990358686536, 25.7984061433532], [-80.1990048275075, 25.7979939659545], [-80.1989895068864, 25.7976733557868], [-80.2004549130691, 25.7976587228594], [-80.2012626756906, 25.7976473418642], [-80.2024225448862, 25.7975893967351], [-80.2030337856955, 25.7975941233986], [-80.2030179338036, 25.7971242521688], [-80.2039183106709, 25.7971247128725], [-80.2044982298632, 25.7970976222309], [-80.205294854609, 25.7971606155355], [-80.2053452016322, 25.798896787234], [-80.2053837759176, 25.8002334406353], [-80.2057501797635, 25.8036281348424], [-80.2053074580721, 25.803643942992], [-80.2032623302086, 25.8036970618954], [-80.201263170249, 25.8037504045173], [-80.1992338912132, 25.8038193735367]]]}}, {"type": "Feature", "properties": {"name": "Allapattah Industrial District", "label": "Allapattah Industrial District"}, "geometry": {"type": "Polygon", "coordinates": [[[-80.2112728516369, 25.7990893236865], [-80.2112738629159, 25.7987643320184], [-80.2092596657979, 25.7988063547277], [-80.2085579920699, 25.7988025376146], [-80.2079005338164, 25.79883403671], [-80.2071534505317, 25.7988602294799], [-80.2053452016322, 25.798896787234], [-80.205294854609, 25.7971606155355], [-80.2052460853986, 25.7954729432751], [-80.2052302665272, 25.7952245515932], [-80.2055668566693, 25.7952250149544], [-80.2058410434437, 25.7952402697061], [-80.2061464594795, 25.7952440005883], [-80.2063137147281, 25.795229093619], [-80.2070618188396, 25.795217354506], [-80.2091068305582, 25.795159707984], [-80.2111209364128, 25.7951221556941], [-80.2131809418908, 25.7950373642646], [-80.2152099655426, 25.7949840161246], [-80.2172089991197, 25.7949270391237], [-80.218106813313, 25.794910546284], [-80.2192542529609, 25.7948895416992], [-80.2212533654755, 25.7948201286894], [-80.2223368117534, 25.7948248942621], [-80.2233895136085, 25.7947672398358], [-80.2254345094749, 25.7947103950356], [-80.227463629413, 25.79464105543], [-80.228241940641, 25.7945987596526], [-80.2287754915117, 25.7945723575283], [-80.2295699613142, 25.7945573092477], [-80.2301646804252, 25.7945301942986], [-80.2315228859552, 25.7944617168571], [-80.2321030923251, 25.7944465541552], [-80.232560759997, 25.7944049483761], [-80.233140582982, 25.7943901234149], [-80.233627972105, 25.7943937250983], [-80.2346199767094, 25.7943212241919], [-80.2356883301463, 25.794309646968], [-80.2368332411184, 25.794267167733], [-80.2371064599888, 25.7942562203436], [-80.2376709217861, 25.7942373421922], [-80.2379929898733, 25.7942213180989], [-80.2388934739768, 25.7942023033749], [-80.2398385059405, 25.794167695999], [-80.2398690847892, 25.7950912652924], [-80.2398390678419, 25.7960447828325], [-80.239900726387, 25.7969798634079], [-80.2399003770769, 25.7973918705703], [-80.239884486855, 25.7979176328162], [-80.2388161028247, 25.7979288953398], [-80.237809446611, 25.7979710834171], [-80.2368171432504, 25.7979669100714], [-80.2357958359589, 25.7979832130905], [-80.2348182548141, 25.7979938925291], [-80.2337346682917, 25.7980060703351], [-80.2326978009973, 25.7980786709279], [-80.2316441377779, 25.798104747439], [-80.2296461197454, 25.7981729325786], [-80.2290601399374, 25.7981969962097], [-80.2275708704355, 25.7982578755366], [-80.2263498431696, 25.7983146652133], [-80.2256164394461, 25.7983413696738], [-80.2235114591447, 25.7984405404877], [-80.2214513281419, 25.7984780170775], [-80.2193299212096, 25.7985323310127], [-80.2173470871765, 25.7986007722986], [-80.215331858058, 25.7986270538219], [-80.2153471933056, 25.7989521348274], [-80.2133179295071, 25.7990316194774], [-80.2112728516369, 25.7990893236865]]]}}, {"type": "Feature", "properties": {"name": "Rainbow Village", "label": "Rainbow Village"}, "geometry": {"type": "Polygon", "coordinates": [[[-80.1989895068864, 25.7976733557868], [-80.1989737851602, 25.7966776447823], [-80.1989290407598, 25.7959304208743], [-80.1988976281551, 25.795404062603], [-80.1993865574477, 25.7954046915191], [-80.2003937547393, 25.7953930380865], [-80.2010036235055, 25.7953740358095], [-80.201904146673, 25.7953507798195], [-80.2024987692787, 25.795339253598], [-80.2032621680101, 25.7953128298264], [-80.2038568718525, 25.7952892616662], [-80.2044219381918, 25.7952662158612], [-80.2050171431614, 25.7952244184946], [-80.2052302665272, 25.7952245515932], [-80.2052460853986, 25.7954729432751], [-80.205294854609, 25.7971606155355], [-80.2044982298632, 25.7970976222309], [-80.2039183106709, 25.7971247128725], [-80.2030179338036, 25.7971242521688], [-80.2030337856955, 25.7975941233986], [-80.2024225448862, 25.7975893967351], [-80.2012626756906, 25.7976473418642], [-80.2004549130691, 25.7976587228594], [-80.1989895068864, 25.7976733557868]]]}}, {"type": "Feature", "properties": {"name": "Northeast Overtown", "label": "Northeast Overtown"}, "geometry": {"type": "Polygon", "coordinates": [[[-80.1945803647357, 25.7955260348505], [-80.194427934991, 25.7955392908649], [-80.1944345882228, 25.7955104393832], [-80.1946283721533, 25.7946059927039], [-80.1948200505951, 25.7939845745336], [-80.1953153200237, 25.7916103678971], [-80.1956980832647, 25.7904806704864], [-80.1962554254549, 25.7881633765571], [-80.196319360347, 25.7868783578386], [-80.196503182128, 25.7869966472541], [-80.1972354013085, 25.7873053961766], [-80.1979676210548, 25.7876144853812], [-80.1986845463622, 25.7879389635263], [-80.1990483782104, 25.7880656357916], [-80.199935934837, 25.7883812445177], [-80.1999617615594, 25.7885799964788], [-80.1999667953506, 25.7888205910123], [-80.1999660928139, 25.789491215758], [-80.1999972642641, 25.7902239203268], [-80.2000125863088, 25.7908843167098], [-80.200027523399, 25.7916585448701], [-80.200362841974, 25.7934889701624], [-80.2003937547393, 25.7953930380865], [-80.1993865574477, 25.7954046915191], [-80.1988976281551, 25.795404062603], [-80.1985010097778, 25.7954042847133], [-80.1977080789169, 25.7954157324612], [-80.1967315547453, 25.7954419817749], [-80.1958160888097, 25.7954840380561], [-80.1948546524211, 25.795526177977], [-80.1945803647357, 25.7955260348505]]]}}, {"type": "Feature", "properties": {"name": "Town Park", "label": "Town Park"}, "geometry": {"type": "Polygon", "coordinates": [[[-80.2003937547393, 25.7953930380865], [-80.200362841974, 25.7934889701624], [-80.200027523399, 25.7916585448701], [-80.2000125863088, 25.7908843167098], [-80.1999972642641, 25.7902239203268], [-80.1999660928139, 25.789491215758], [-80.1999667953506, 25.7888205910123], [-80.1999617615594, 25.7885799964788], [-80.199935934837, 25.7883812445177], [-80.2005765509597, 25.7885869871143], [-80.2010810226454, 25.7887015310628], [-80.2013553697048, 25.7886906568656], [-80.2017055160826, 25.788705991366], [-80.2030482958317, 25.7886638314045], [-80.2034612789712, 25.7886557761777], [-80.2040244957781, 25.7886776027533], [-80.2040845898917, 25.7890364604554], [-80.2040407385729, 25.7894310313664], [-80.2041933177314, 25.7897355410354], [-80.204589582082, 25.7905256124339], [-80.2048186352551, 25.7910977600212], [-80.2049715406652, 25.791581793219], [-80.2051398387502, 25.7921505120955], [-80.2052457798341, 25.7928984134734], [-80.2052309522994, 25.7934128254558], [-80.2052303377573, 25.7936759145954], [-80.2052302665272, 25.7952245515932], [-80.2050171431614, 25.7952244184946], [-80.2044219381918, 25.7952662158612], [-80.2038568718525, 25.7952892616662], [-80.2032621680101, 25.7953128298264], [-80.2024987692787, 25.795339253598], [-80.201904146673, 25.7953507798195], [-80.2010036235055, 25.7953740358095], [-80.2003937547393, 25.7953930380865]]]}}, {"type": "Feature", "properties": {"name": "Civic Center", "label": "Civic Center"}, "geometry": {"type": "Polygon", "coordinates": [[[-80.2058410434437, 25.7952402697061], [-80.2055668566693, 25.7952250149544], [-80.2052302665272, 25.7952245515932], [-80.2052303377573, 25.7936759145954], [-80.2052309522994, 25.7934128254558], [-80.2052457798341, 25.7928984134734], [-80.2051398387502, 25.7921505120955], [-80.2049715406652, 25.791581793219], [-80.2048186352551, 25.7910977600212], [-80.204589582082, 25.7905256124339], [-80.2041933177314, 25.7897355410354], [-80.2040407385729, 25.7894310313664], [-80.2040845898917, 25.7890364604554], [-80.2040244957781, 25.7886776027533], [-80.205291746109, 25.7886252068584], [-80.2061009901376, 25.7886103668517], [-80.2070013053939, 25.7885533731416], [-80.2075656054969, 25.7884694392105], [-80.2080837858179, 25.7883515479381], [-80.2084657487274, 25.7882666168014], [-80.2088168844325, 25.7881330256963], [-80.2091833848073, 25.787973723115], [-80.2096559280695, 25.7877482772624], [-80.2109684208906, 25.7872295595245], [-80.2124183318413, 25.78649353295], [-80.2131813821225, 25.7861083531325], [-80.2140967592686, 25.7857226156674], [-80.2148441288058, 25.7854095633462], [-80.2161417094852, 25.7848982834381], [-80.2178202743948, 25.7842731427808], [-80.2180177195853, 25.7841703423519], [-80.2184019642685, 25.7840240084907], [-80.2229620539185, 25.7855129940473], [-80.2229467601471, 25.7857612176737], [-80.2229470658923, 25.7861223291183], [-80.2229467652685, 25.7869260539003], [-80.2230383588091, 25.7873856674207], [-80.2230689066944, 25.7880609333871], [-80.2231142694528, 25.7887362784161], [-80.223129649276, 25.7896405094532], [-80.2231904080919, 25.7904600359511], [-80.2232067081656, 25.7910482152997], [-80.2232369852009, 25.7919401448468], [-80.2232524360509, 25.7924254885362], [-80.2232831188459, 25.792905411875], [-80.2232982021245, 25.7932724483811], [-80.2233131903747, 25.7938289798531], [-80.2233895136085, 25.7947672398358], [-80.2223368117534, 25.7948248942621], [-80.2212533654755, 25.7948201286894], [-80.2192542529609, 25.7948895416992], [-80.218106813313, 25.794910546284], [-80.2172089991197, 25.7949270391237], [-80.2152099655426, 25.7949840161246], [-80.2131809418908, 25.7950373642646], [-80.2111209364128, 25.7951221556941], [-80.2091068305582, 25.795159707984], [-80.2070618188396, 25.795217354506], [-80.2063137147281, 25.795229093619], [-80.2061464594795, 25.7952440005883], [-80.2058410434437, 25.7952402697061]]]}}, {"type": "Feature", "properties": {"name": "Curtis Park", "label": "Curtis Park"}, "geometry": {"type": "Polygon", "coordinates": [[[-80.2233895136085, 25.7947672398358], [-80.2233131903747, 25.7938289798531], [-80.2232982021245, 25.7932724483811], [-80.2232831188459, 25.792905411875], [-80.2232524360509, 25.7924254885362], [-80.2232369852009, 25.7919401448468], [-80.2232067081656, 25.7910482152997], [-80.2231904080919, 25.7904600359511], [-80.223129649276, 25.7896405094532], [-80.2231142694528, 25.7887362784161], [-80.2230689066944, 25.7880609333871], [-80.2230383588091, 25.7873856674207], [-80.2229467652685, 25.7869260539003], [-80.2229470658923, 25.7861223291183], [-80.2229467601471, 25.7857612176737], [-80.2229620539185, 25.7855129940473], [-80.2232206804428, 25.7856687920515], [-80.2235921659272, 25.7857608806873], [-80.2239684467993, 25.7858456003353], [-80.2243437577279, 25.7859337520512], [-80.2247257113464, 25.7859933936161], [-80.2251120481431, 25.7860217616518], [-80.2254995409179, 25.786018322619], [-80.2258440378162, 25.7861719942989], [-80.2261429156045, 25.7863895632247], [-80.2265093450835, 25.7865003602718], [-80.2268852450102, 25.7865861021494], [-80.2272602722598, 25.7866599730526], [-80.2276479821748, 25.7867113837202], [-80.2280270026799, 25.7867847575442], [-80.2283997979676, 25.7868809678943], [-80.2287623480902, 25.7870048082612], [-80.2291066139948, 25.7871658647253], [-80.2294267141594, 25.7873632478392], [-80.2297114157352, 25.787601025213], [-80.2299546733482, 25.7878740054833], [-80.2302051837409, 25.7881418641712], [-80.2304761272464, 25.7883928073937], [-80.2307663741686, 25.7886254534207], [-80.2310742233779, 25.7888385881033], [-80.2313399566996, 25.7890145287211], [-80.2355354375336, 25.7903686198023], [-80.2394321765547, 25.7927135652833], [-80.2398079689965, 25.7929397627044], [-80.2398385059405, 25.794167695999], [-80.2388934739768, 25.7942023033749], [-80.2379929898733, 25.7942213180989], [-80.2376709217861, 25.7942373421922], [-80.2371064599888, 25.7942562203436], [-80.2368332411184, 25.794267167733], [-80.2356883301463, 25.794309646968], [-80.2346199767094, 25.7943212241919], [-80.233627972105, 25.7943937250983], [-80.233140582982, 25.7943901234149], [-80.232560759997, 25.7944049483761], [-80.2321030923251, 25.7944465541552], [-80.2315228859552, 25.7944617168571], [-80.2301646804252, 25.7945301942986], [-80.2295699613142, 25.7945573092477], [-80.2287754915117, 25.7945723575283], [-80.228241940641, 25.7945987596526], [-80.227463629413, 25.79464105543], [-80.2254345094749, 25.7947103950356], [-80.2233895136085, 25.7947672398358]]]}}, {"type": "Feature", "properties": {"name": "Media Art Entertainment", "label": "Media Art Entertainment"}, "geometry": {"type": "Polygon", "coordinates": [[[-80.1916712495198, 25.7925042784837], [-80.1907803053697, 25.7925466121423], [-80.1907794332483, 25.7922835144309], [-80.1907711017915, 25.7917479976983], [-80.1907289569611, 25.7912970667555], [-80.1907335933035, 25.7906142558421], [-80.1907347068847, 25.7904502157447], [-80.19069293271, 25.7899446052861], [-80.1906958997893, 25.7895076815838], [-80.1906512482215, 25.7893980692336], [-80.1906584806496, 25.7883328423271], [-80.1906594074552, 25.7881963147556], [-80.1906376462565, 25.78695329604], [-80.1906436725049, 25.7860655209139], [-80.190643507954, 25.7857260791179], [-80.1923516849122, 25.7856846741972], [-80.1932669723732, 25.785658113237], [-80.1940151259931, 25.7859673103995], [-80.1941519032188, 25.7860199984315], [-80.1950682860434, 25.7863940900836], [-80.1960905353467, 25.7867866444202], [-80.196319360347, 25.7868783578386], [-80.1962554254549, 25.7881633765571], [-80.1956980832647, 25.7904806704864], [-80.1953153200237, 25.7916103678971], [-80.1948200505951, 25.7939845745336], [-80.1947491060698, 25.7924802547417], [-80.1939648427639, 25.7924487409064], [-80.1931648313018, 25.7924988151879], [-80.1923953940966, 25.7925218860327], [-80.1916712495198, 25.7925042784837]]]}}, {"type": "Feature", "properties": {"name": "North Grapeland Heights", "label": "North Grapeland Heights"}, "geometry": {"type": "Polygon", "coordinates": [[[-80.2398385059405, 25.794167695999], [-80.2398079689965, 25.7929397627044], [-80.2398030943182, 25.7918875313815], [-80.2398045384905, 25.7916610711173], [-80.2398110362974, 25.7906424308535], [-80.2397283749172, 25.7905288501941], [-80.2397298201354, 25.7903023907993], [-80.2397341515162, 25.7896233537539], [-80.2396564955015, 25.7887550798626], [-80.2396619104205, 25.7879061552057], [-80.2395853888259, 25.7868305066172], [-80.2395676242942, 25.7863399914782], [-80.2395726784866, 25.7855476385684], [-80.2394918268901, 25.7851510262255], [-80.2395636861472, 25.7849029235173], [-80.2401184472166, 25.7849090899067], [-80.2420368383578, 25.7846928020266], [-80.2432044796308, 25.784585560649], [-80.2464775970695, 25.784319682021], [-80.2473102877875, 25.7844371405518], [-80.251428796254, 25.7855902201069], [-80.2525946537925, 25.7857661108159], [-80.2534277097696, 25.7858269633475], [-80.2539277934943, 25.7858295298199], [-80.2559673663213, 25.7859744507284], [-80.2559680814445, 25.7870770471078], [-80.2559986240156, 25.7877829175696], [-80.2560591084635, 25.7884999462886], [-80.2560746501717, 25.7891747877978], [-80.2560745873385, 25.7899761100086], [-80.2561208751561, 25.790776638352], [-80.256136146774, 25.7914948111968], [-80.2561662208029, 25.7922759964792], [-80.256166799689, 25.7929744910572], [-80.2562123289515, 25.7937141409749], [-80.2539997413985, 25.7937863769153], [-80.2517709780219, 25.7938932310119], [-80.2500779651632, 25.7939240585283], [-80.2480790035728, 25.7939735774929], [-80.2450734170857, 25.794065308114], [-80.2437454535826, 25.7940989906431], [-80.2430432712606, 25.7941190676548], [-80.240862997074, 25.7941831928544], [-80.2404764623266, 25.7941811747903], [-80.2398385059405, 25.794167695999]]]}}, {"type": "Feature", "properties": {"name": "West Grapeland Heights", "label": "West Grapeland Heights"}, "geometry": {"type": "Polygon", "coordinates": [[[-80.256166799689, 25.7929744910572], [-80.2561662208029, 25.7922759964792], [-80.256136146774, 25.7914948111968], [-80.2561208751561, 25.790776638352], [-80.2560745873385, 25.7899761100086], [-80.2560746501717, 25.7891747877978], [-80.2560591084635, 25.7884999462886], [-80.2559986240156, 25.7877829175696], [-80.2559680814445, 25.7870770471078], [-80.2559673663213, 25.7859744507284], [-80.2559522091529, 25.7849945579371], [-80.2559064301256, 25.7841737416453], [-80.2558762876017, 25.7834039042769], [-80.2558765201057, 25.7825754122574], [-80.2558348825767, 25.781273822674], [-80.2558147990208, 25.7806574232649], [-80.2557690375647, 25.7787993562146], [-80.2585692456138, 25.7786527045138], [-80.2599204161425, 25.7786446262725], [-80.260950384125, 25.7786125482136], [-80.2621039890474, 25.7785810899099], [-80.2625161517042, 25.7785458654351], [-80.2630601172527, 25.7785114798051], [-80.2640699813067, 25.7784746354271], [-80.2640856334778, 25.7795697436084], [-80.26410172377, 25.7804093238092], [-80.2641264758575, 25.7822765694144], [-80.2641250041995, 25.7825150678063], [-80.2641774641042, 25.7832779666628], [-80.2641769581065, 25.7839754256216], [-80.2641781337309, 25.7842158284192], [-80.2641771363215, 25.7851774125073], [-80.2641473631304, 25.7855700138682], [-80.26414659161, 25.7858795341227], [-80.2641314820241, 25.7861119444887], [-80.264131406406, 25.7864933468941], [-80.2641780417471, 25.7884769450448], [-80.2642228691971, 25.7908766712589], [-80.2642304377516, 25.7920504935966], [-80.2642599942887, 25.7934778922027], [-80.2562123289515, 25.7937141409749], [-80.256166799689, 25.7929744910572]]]}}, {"type": "Feature", "properties": {"name": "Le Jeune Gardens", "label": "Le Jeune Gardens"}, "geometry": {"type": "Polygon", "coordinates": [[[-80.2642304377516, 25.7920504935966], [-80.2642228691971, 25.7908766712589], [-80.2641780417471, 25.7884769450448], [-80.264131406406, 25.7864933468941], [-80.2641314820241, 25.7861119444887], [-80.26414659161, 25.7858795341227], [-80.2641473631304, 25.7855700138682], [-80.2641771363215, 25.7851774125073], [-80.2641781337309, 25.7842158284192], [-80.2641769581065, 25.7839754256216], [-80.2641774641042, 25.7832779666628], [-80.2641250041995, 25.7825150678063], [-80.2641264758575, 25.7822765694144], [-80.26410172377, 25.7804093238092], [-80.2640856334778, 25.7795697436084], [-80.2640699813067, 25.7784746354271], [-80.2659934790932, 25.7784833232674], [-80.2664971635152, 25.7784824250472], [-80.2673821616767, 25.7784903246808], [-80.2679769788986, 25.7784943510385], [-80.2684806550974, 25.7784948215629], [-80.2692895701558, 25.7785212423005], [-80.2695174577709, 25.7785247939528], [-80.2717767205618, 25.778475249688], [-80.2752518658204, 25.7783650141959], [-80.2763692117459, 25.7783299953284], [-80.2769337333591, 25.7783190460963], [-80.2780784693649, 25.7782772719191], [-80.279024860944, 25.778245855217], [-80.2796809948397, 25.7782233122386], [-80.2810236518933, 25.7781780236413], [-80.2815574322203, 25.7781624336638], [-80.2821372178842, 25.7781395025972], [-80.2828541067635, 25.77812034024], [-80.2862119551274, 25.7779948200329], [-80.2882721315783, 25.7778872957937], [-80.2892171910537, 25.7778874462874], [-80.2901187519739, 25.7778567700581], [-80.290508876776, 25.7778531702003], [-80.2909115565288, 25.7778461922388], [-80.2917657255834, 25.7778004856098], [-80.2926971109475, 25.7778005469286], [-80.2936434046547, 25.7777848545907], [-80.2957311144974, 25.7777089992529], [-80.2954253921249, 25.7778925461489], [-80.2953613681747, 25.7779601596939], [-80.295230572522, 25.7780140371435], [-80.2950743642103, 25.7781257405083], [-80.2950360266907, 25.7781532403424], [-80.2946095299818, 25.7783656054234], [-80.2941956001154, 25.7786043391886], [-80.2938358904884, 25.7787953592832], [-80.2933258790139, 25.7790621690636], [-80.2930447343491, 25.7791995741411], [-80.2925685590209, 25.7794288865207], [-80.2923070286108, 25.7795890838488], [-80.2920776344826, 25.7796469496825], [-80.2919539080508, 25.7796929475831], [-80.2918507418206, 25.7797311363187], [-80.2917694750626, 25.7797592856559], [-80.2917102032137, 25.7797937324773], [-80.291582959855, 25.7798563941335], [-80.2913937002524, 25.7799359484691], [-80.2912069160176, 25.7800143113637], [-80.2910513929591, 25.780073567141], [-80.2909364786909, 25.7801068822704], [-80.2908495659754, 25.7801264057135], [-80.2908116639534, 25.7801442769247], [-80.2907339207934, 25.7801867157403], [-80.290582719731, 25.7802219171776], [-80.290283959131, 25.7802864916999], [-80.2898204811816, 25.7803593749742], [-80.2895413928315, 25.7804054726131], [-80.2892946225891, 25.7804463973624], [-80.2890084306774, 25.7804731991779], [-80.2888305827206, 25.7804859150454], [-80.2886462213606, 25.7804760711205], [-80.2884902732799, 25.7804789192293], [-80.2884630555925, 25.7804887596356], [-80.2884459309066, 25.7804940070078], [-80.2883308310856, 25.7804626632981], [-80.2869819245533, 25.7802469548493], [-80.2833787975295, 25.7799014929996], [-80.2803142543011, 25.7796935965399], [-80.2778422257188, 25.7800924955042], [-80.2756183257776, 25.7816942331927], [-80.2712051298708, 25.7868819998866], [-80.2686756795369, 25.7895527047429], [-80.2666655607084, 25.7915844091574], [-80.2658865691448, 25.7925138644315], [-80.2653034439721, 25.7930359064835], [-80.2642599942887, 25.7934778922027], [-80.2642304377516, 25.7920504935966]]]}}, {"type": "Feature", "properties": {"name": "North Sewell Park", "label": "North Sewell Park"}, "geometry": {"type": "Polygon", "coordinates": [[[-80.2398079689965, 25.7929397627044], [-80.2394321765547, 25.7927135652833], [-80.2355354375336, 25.7903686198023], [-80.2313399566996, 25.7890145287211], [-80.2310742233779, 25.7888385881033], [-80.2307663741686, 25.7886254534207], [-80.2304761272464, 25.7883928073937], [-80.2302051837409, 25.7881418641712], [-80.2299546733482, 25.7878740054833], [-80.2297114157352, 25.787601025213], [-80.2294267141594, 25.7873632478392], [-80.2291066139948, 25.7871658647253], [-80.2287623480902, 25.7870048082612], [-80.2283997979676, 25.7868809678943], [-80.2280270026799, 25.7867847575442], [-80.2276479821748, 25.7867113837202], [-80.2272602722598, 25.7866599730526], [-80.2268852450102, 25.7865861021494], [-80.2265093450835, 25.7865003602718], [-80.2261429156045, 25.7863895632247], [-80.2258440378162, 25.7861719942989], [-80.2254995409179, 25.786018322619], [-80.2251120481431, 25.7860217616518], [-80.2247257113464, 25.7859933936161], [-80.2243437577279, 25.7859337520512], [-80.2239684467993, 25.7858456003353], [-80.2235921659272, 25.7857608806873], [-80.2232206804428, 25.7856687920515], [-80.2229620539185, 25.7855129940473], [-80.2184019642685, 25.7840240084907], [-80.2190404130047, 25.7837504149603], [-80.2201549508854, 25.7833419777167], [-80.2204437541424, 25.783209398561], [-80.2209177267091, 25.7829918328608], [-80.2214213302371, 25.7828318581502], [-80.2221381158597, 25.7826596082112], [-80.2227328961767, 25.7826142956505], [-80.223603439259, 25.7825714842675], [-80.2240608419202, 25.7825639510893], [-80.2261507591256, 25.782518337158], [-80.2266546283697, 25.7824917830472], [-80.2276624398164, 25.7824273227044], [-80.2284555361832, 25.7823771928461], [-80.2297835227534, 25.7823199170378], [-80.2306219456839, 25.782427183623], [-80.2312169174242, 25.7825871541233], [-80.2319807151575, 25.7828394948448], [-80.2327126354962, 25.7832054990251], [-80.2353525365511, 25.7842961945052], [-80.2367714511496, 25.7846355236049], [-80.2379010997646, 25.784826815828], [-80.2388927408421, 25.7849176421291], [-80.2395636861472, 25.7849029235173], [-80.2394918268901, 25.7851510262255], [-80.2395726784866, 25.7855476385684], [-80.2395676242942, 25.7863399914782], [-80.2395853888259, 25.7868305066172], [-80.2396619104205, 25.7879061552057], [-80.2396564955015, 25.7887550798626], [-80.2397341515162, 25.7896233537539], [-80.2397298201354, 25.7903023907993], [-80.2397283749172, 25.7905288501941], [-80.2398110362974, 25.7906424308535], [-80.2398045384905, 25.7916610711173], [-80.2398030943182, 25.7918875313815], [-80.2398079689965, 25.7929397627044]]]}}, {"type": "Feature", "properties": {"name": "San Marco Island", "label": "San Marco Island"}, "geometry": {"type": "Polygon", "coordinates": [[[-80.166853036433, 25.7915156258256], [-80.1667738747358, 25.7915093259314], [-80.16672756975, 25.7915033866378], [-80.166681468426, 25.7914955565541], [-80.1666357567991, 25.791486180654], [-80.1665906284955, 25.7914750885447], [-80.1665458898861, 25.7914624515225], [-80.1665017336063, 25.7914480982866], [-80.1664583478867, 25.7914322023214], [-80.1664157317443, 25.7914147618164], [-80.1663738871553, 25.7913957794918], [-80.1663328131429, 25.7913752526346], [-80.1662928895548, 25.7913531861307], [-80.1662539247738, 25.7913297485798], [-80.1662159209909, 25.7913047693955], [-80.1661790652417, 25.7912785926556], [-80.1661435491575, 25.7912510479569], [-80.1661091813102, 25.7912221342033], [-80.1660761507162, 25.791192197289], [-80.1660444597937, 25.7911608915163], [-80.1660142945672, 25.7911285627627], [-80.1659854677994, 25.7910950384531], [-80.16595816773, 25.7910604902673], [-80.1659325835703, 25.7910250935016], [-80.1659085261074, 25.7909886728616], [-80.165885991931, 25.7909515731383], [-80.1658651748738, 25.7909134515367], [-80.1658460713219, 25.7908748243492], [-80.16582887312, 25.7908353478666], [-80.1658131979964, 25.7907953638046], [-80.16579942481, 25.7907548752391], [-80.165787555553, 25.7907138821821], [-80.1657773985932, 25.7906725550372], [-80.1657691435715, 25.7906307224875], [-80.1657627890764, 25.7905887284325], [-80.1657583360902, 25.7905465746835], [-80.165755593203, 25.7905042574347], [-80.165754940263, 25.7904617806701], [-80.1657559972023, 25.7904193137122], [-80.165759142675, 25.7903770311379], [-80.1657639958261, 25.7903349298598], [-80.1657707470769, 25.7902930118725], [-80.1657793964319, 25.7902512762732], [-80.1657899436796, 25.7902098954653], [-80.1658023856243, 25.7901690409324], [-80.1658165328192, 25.7901287133929], [-80.1658323884758, 25.7900887386542], [-80.1658501376182, 25.790049462587], [-80.1658695918096, 25.79001088411], [-80.1658907488457, 25.7899731756149], [-80.1659134227028, 25.7899359912241], [-80.1659379876343, 25.7898998493953], [-80.1659640659755, 25.7898645764598], [-80.1659916575292, 25.7898303430154], [-80.1660207602881, 25.7897971508549], [-80.1660511858236, 25.7897649979946], [-80.1660831223673, 25.7897340570151], [-80.1661165711187, 25.7897041564199], [-80.1661511498122, 25.7896756379242], [-80.1661870500762, 25.7896483311231], [-80.166224080283, 25.7896224064197], [-80.1662622394363, 25.7895978638074], [-80.166301529537, 25.7895747023944], [-80.166341759148, 25.7895529228876], [-80.1663829280679, 25.7895326967877], [-80.1664248448854, 25.7895140211917], [-80.166467702005, 25.7894968999094], [-80.1665113070185, 25.7894813300323], [-80.1665554692971, 25.7894674819699], [-80.1666003826592, 25.78945501473], [-80.1666456626471, 25.7894444415193], [-80.1666915011041, 25.7894354186262], [-80.1667375191697, 25.7894279438801], [-80.1667839038668, 25.7894223631622], [-80.1668306566041, 25.7894183325729], [-80.1668773971211, 25.7894161929386], [-80.1669241268262, 25.78941560036], [-80.1699397608086, 25.7892588222715], [-80.1699864665175, 25.7892616685504], [-80.1700329698369, 25.7892662322954], [-80.170079271753, 25.7892725153178], [-80.1701253712834, 25.7892805158068], [-80.1701708907489, 25.7892900619109], [-80.1702160172077, 25.7893014958975], [-80.170260753239, 25.7893143041767], [-80.1703047173984, 25.7893289990808], [-80.1703479122773, 25.7893450652149], [-80.170390524915, 25.7893628475543], [-80.1704321778465, 25.789382000039], [-80.1704730600989, 25.7894028685583], [-80.1705129826534, 25.7894251063219], [-80.1705517560731, 25.7894487131529], [-80.1705895695878, 25.7894738625365], [-80.1706262341713, 25.7895002085853], [-80.1706615589909, 25.7895280950225], [-80.1706957370701, 25.7895570066366], [-80.1707285765913, 25.7895872853398], [-80.1707600777379, 25.789618761437], [-80.1707900522896, 25.7896512596453], [-80.1708186884725, 25.7896849543467], [-80.1708456098205, 25.7897194985855], [-80.1708710045594, 25.7897550667434], [-80.1708948727008, 25.7897916570159], [-80.1709172166293, 25.7898289264122], [-80.1709376552838, 25.7898670451663], [-80.170956568726, 25.7899058430399], [-80.1709735790872, 25.7899453178799], [-80.170988874801, 25.789985470761], [-80.1710022686297, 25.7900261282112], [-80.1710139491958, 25.7900671207063], [-80.1710239173117, 25.7901086179483], [-80.1710317942938, 25.7901504480823], [-80.1710379602038, 25.7901924408694], [-80.1710422256135, 25.7902345943274], [-80.1710445893222, 25.790277080855], [-80.171044865485, 25.79031938308], [-80.171043430568, 25.7903618479583], [-80.1710402869669, 25.7904041306932], [-80.1710350558076, 25.7904462300278], [-80.1710279265209, 25.7904881470416], [-80.1710189003102, 25.7905297084332], [-80.1710081654015, 25.7905710885828], [-80.1709955347576, 25.7906119416137], [-80.1709811988008, 25.7906522695133], [-80.1709649682982, 25.7906918987973], [-80.17094703029, 25.7907311744389], [-80.1709271989319, 25.7907695790653], [-80.1709058528813, 25.7908072881418], [-80.1708828027162, 25.7908442987828], [-80.170858049824, 25.7908802679903], [-80.1708317834355, 25.7909153692473], [-80.1708040047492, 25.7909494301547], [-80.1707747125717, 25.7909826222073], [-80.1707439092882, 25.7910146024127], [-80.1707117853359, 25.7910453709532], [-80.1706781492805, 25.791074927639], [-80.1706433819901, 25.7911032737382], [-80.1706072940249, 25.7911304090723], [-80.1705700760187, 25.7911561623224], [-80.1705317279721, 25.7911805334875], [-80.1704924403233, 25.7912035227503], [-80.170452022832, 25.7912249584252], [-80.1704106669276, 25.791244841603], [-80.1703685608519, 25.7912633448593], [-80.1703257048089, 25.7912802957893], [-80.1702819113535, 25.791295694226], [-80.1702375585681, 25.7913093690175], [-80.1701926482391, 25.7913214934813], [-80.1701473690084, 25.7913318962882], [-80.1701015324408, 25.7913405763626], [-80.1700553267722, 25.7913477071834], [-80.170008942639, 25.7913531174327], [-80.1699621906152, 25.7913568051271], [-80.1699154541511, 25.7913582579469], [-80.1698835370388, 25.7913592799198], [-80.166853036433, 25.7915156258256]]]}}, {"type": "Feature", "properties": {"name": "Biscayne Island", "label": "Biscayne Island"}, "geometry": {"type": "Polygon", "coordinates": [[[-80.172251514565, 25.7912840461514], [-80.1721657295711, 25.7912741009168], [-80.1721204043759, 25.7912638696154], [-80.1720760510477, 25.791250376257], [-80.1720328600148, 25.7912336228294], [-80.1719915908172, 25.7912137851599], [-80.1719520508374, 25.7911910336562], [-80.171914618745, 25.7911655428808], [-80.1718796754036, 25.7911373150037], [-80.1718472184183, 25.7911066948235], [-80.1718178161037, 25.7910736837724], [-80.1717912764348, 25.7910387970718], [-80.1717679792629, 25.7910020386914], [-80.1717481128406, 25.7909635794019], [-80.1717316725811, 25.7909239354915], [-80.1717188509001, 25.7908831089597], [-80.1717096412157, 25.7908416160828], [-80.1717042359615, 25.7907994561519], [-80.1717024411156, 25.7907571443755], [-80.1716281235346, 25.7896436541727], [-80.1716350917879, 25.7895976102119], [-80.1716446868019, 25.7895562235133], [-80.1716578852024, 25.7895155451497], [-80.1716746855936, 25.78947591902], [-80.171695084586, 25.7894376890114], [-80.1717187009251, 25.7894011968591], [-80.1717455336056, 25.7893664434585], [-80.1717753918154, 25.789333769824], [-80.1718078925025, 25.7893033461777], [-80.171843225888, 25.789275346909], [-80.1718808193025, 25.7892501117607], [-80.1719204833161, 25.7892276396526], [-80.1719622145448, 25.7892082744717], [-80.1720052554673, 25.789191839499], [-80.1720497931227, 25.7891786806085], [-80.1720954466644, 25.7891687947286], [-80.1721416475966, 25.7891623519307], [-80.1721883941356, 25.7891591788963], [-80.1749033078824, 25.7890623178391], [-80.174938745679, 25.789924875786], [-80.1750906923651, 25.7899257375866], [-80.1753670125329, 25.78987726533], [-80.1755189421756, 25.7898531928044], [-80.1758229919082, 25.7898048768498], [-80.1760858088451, 25.7897313929201], [-80.1763065112093, 25.7897326428848], [-80.1765412694457, 25.7897339729911], [-80.1768312807474, 25.7897106807284], [-80.177024442676, 25.7897117737433], [-80.1771897210136, 25.7897625754474], [-80.1772725318012, 25.7897630438637], [-80.1773555146328, 25.7897385803199], [-80.1794679903149, 25.7896629872173], [-80.1794766472867, 25.7905025231858], [-80.1794742663947, 25.7905448104608], [-80.1794680890353, 25.790586904816], [-80.1794581167642, 25.7906282899462], [-80.1794447304393, 25.790668967999], [-80.1794275547436, 25.7907084205426], [-80.1794069687188, 25.7907464791139], [-80.1793831639866, 25.7907829714844], [-80.1793561439092, 25.7908175537633], [-80.1793260991002, 25.7908500555217], [-80.1792932211702, 25.790880306336], [-80.1792578913615, 25.7909079635448], [-80.1792201096683, 25.7909330280489], [-80.1791800687071, 25.7909553285281], [-80.1791383381594, 25.7909745233847], [-80.1790951104405, 25.7909906155088], [-80.1790505739968, 25.7910036050599], [-80.1790049226343, 25.7910131483201], [-80.1789585330347, 25.7910194207227], [-80.1789117872519, 25.7910222520185], [-80.1788650661525, 25.7910216443574], [-80.172251514565, 25.7912840461514]]]}}, {"type": "Feature", "properties": {"name": "Highland Park", "label": "Highland Park"}, "geometry": {"type": "Polygon", "coordinates": [[[-80.2096559280695, 25.7877482772624], [-80.2091833848073, 25.787973723115], [-80.2088168844325, 25.7881330256963], [-80.2084657487274, 25.7882666168014], [-80.2080837858179, 25.7883515479381], [-80.2075656054969, 25.7884694392105], [-80.2070013053939, 25.7885533731416], [-80.2069863206661, 25.7878365772308], [-80.206954890902, 25.7865653044853], [-80.2069251408631, 25.7856125039276], [-80.2068793942939, 25.7847803293169], [-80.2068336102161, 25.78435362691], [-80.2068487555201, 25.7841325736009], [-80.207702874211, 25.7841055880078], [-80.2084350521734, 25.7840789656863], [-80.2095033154738, 25.7840668909241], [-80.2101296128962, 25.7840248965635], [-80.2104188903708, 25.7839948262462], [-80.210861484152, 25.7839872543159], [-80.2112729032322, 25.7839836389483], [-80.2120062242441, 25.7839563169977], [-80.2127694754054, 25.7839411901642], [-80.213425122669, 25.7839412974489], [-80.214386357243, 25.7839148516624], [-80.2146308938979, 25.7839295853901], [-80.2160794927653, 25.7839036951347], [-80.2169650394141, 25.7838916125771], [-80.2175755536944, 25.7841125944629], [-80.2178202743948, 25.7842731427808], [-80.2161417094852, 25.7848982834381], [-80.2148441288058, 25.7854095633462], [-80.2140967592686, 25.7857226156674], [-80.2131813821225, 25.7861083531325], [-80.2124183318413, 25.78649353295], [-80.2109684208906, 25.7872295595245], [-80.2096559280695, 25.7877482772624]]]}}, {"type": "Feature", "properties": {"name": "South Grapeland Heights", "label": "South Grapeland Heights"}, "geometry": {"type": "Polygon", "coordinates": [[[-80.2539277934943, 25.7858295298199], [-80.2534277097696, 25.7858269633475], [-80.2525946537925, 25.7857661108159], [-80.251428796254, 25.7855902201069], [-80.2473102877875, 25.7844371405518], [-80.2464775970695, 25.784319682021], [-80.2432044796308, 25.784585560649], [-80.2420368383578, 25.7846928020266], [-80.2401184472166, 25.7849090899067], [-80.2395636861472, 25.7849029235173], [-80.2395493965606, 25.7845823205404], [-80.2395190043122, 25.7836893590669], [-80.2395031070239, 25.7834423447203], [-80.2394883624023, 25.7830144379686], [-80.2394268170158, 25.781348192743], [-80.2393818023112, 25.7794130927368], [-80.2397731963359, 25.7793903766254], [-80.240113662, 25.77937186344], [-80.2408606227081, 25.7793451544435], [-80.2413796984491, 25.7793141584095], [-80.2418221968067, 25.779318872258], [-80.2435015139573, 25.7792608943058], [-80.2439129662624, 25.7792496204179], [-80.2447375132058, 25.779207473781], [-80.2451652285158, 25.7792072868526], [-80.2455466009362, 25.7792072013847], [-80.2464154888873, 25.7791810950922], [-80.2475601531287, 25.7791543474393], [-80.2481102746107, 25.7791393078526], [-80.2491165611319, 25.7790698754925], [-80.2501079717818, 25.7790096451169], [-80.2510243377473, 25.778982726008], [-80.2511766801745, 25.7789790401599], [-80.2521231509121, 25.7789364490792], [-80.2527329938364, 25.7789069116044], [-80.2531605165185, 25.778876091947], [-80.2541219309491, 25.7788734592968], [-80.2549909433156, 25.7788256376577], [-80.2557690375647, 25.7787993562146], [-80.2558147990208, 25.7806574232649], [-80.2558348825767, 25.781273822674], [-80.2558765201057, 25.7825754122574], [-80.2558762876017, 25.7834039042769], [-80.2559064301256, 25.7841737416453], [-80.2559522091529, 25.7849945579371], [-80.2559673663213, 25.7859744507284], [-80.2539277934943, 25.7858295298199]]]}}, {"type": "Feature", "properties": {"name": "South Sewell Park", "label": "South Sewell Park"}, "geometry": {"type": "Polygon", "coordinates": [[[-80.2388927408421, 25.7849176421291], [-80.2379010997646, 25.784826815828], [-80.2367714511496, 25.7846355236049], [-80.2353525365511, 25.7842961945052], [-80.2327126354962, 25.7832054990251], [-80.2319807151575, 25.7828394948448], [-80.2312169174242, 25.7825871541233], [-80.2306219456839, 25.782427183623], [-80.2297835227534, 25.7823199170378], [-80.2284555361832, 25.7823771928461], [-80.2276624398164, 25.7824273227044], [-80.2266546283697, 25.7824917830472], [-80.2261507591256, 25.782518337158], [-80.2240608419202, 25.7825639510893], [-80.223603439259, 25.7825714842675], [-80.2227328961767, 25.7826142956505], [-80.2221381158597, 25.7826596082112], [-80.2214213302371, 25.7828318581502], [-80.2209177267091, 25.7829918328608], [-80.2204437541424, 25.783209398561], [-80.2201549508854, 25.7833419777167], [-80.2190404130047, 25.7837504149603], [-80.2184019642685, 25.7840240084907], [-80.2147987058173, 25.7828471636262], [-80.2109878095036, 25.7814584582917], [-80.2105350272757, 25.7811129484666], [-80.2103534745434, 25.7807372689331], [-80.2099255065475, 25.7803451201369], [-80.2131966745017, 25.7802220148591], [-80.2148287818071, 25.7801833720787], [-80.215621805588, 25.7801425963027], [-80.2164621229721, 25.780130272463], [-80.2174387218942, 25.780073280623], [-80.2181856121791, 25.7800583808167], [-80.2185982093902, 25.7800468408653], [-80.2191631491369, 25.7800319904707], [-80.2198952044164, 25.7800200974589], [-80.2202913943975, 25.780019813785], [-80.221558478771, 25.7799781070759], [-80.2225957530759, 25.7799361924278], [-80.2229923195757, 25.7799362473151], [-80.2234660696179, 25.7799250201061], [-80.2241682437715, 25.7798936870718], [-80.224579594726, 25.7798982873068], [-80.2248850960949, 25.7798830635007], [-80.2255260854672, 25.7798558687792], [-80.2259074585495, 25.7798558348399], [-80.2265173971516, 25.7798136823614], [-80.2272043669785, 25.779783629461], [-80.2280895996694, 25.779756687855], [-80.22883646816, 25.7797448283873], [-80.2292496617258, 25.7796995580413], [-80.2295238904565, 25.7797034178406], [-80.2303778961216, 25.7796886786357], [-80.2311259037881, 25.7796768134273], [-80.2318891269325, 25.7796615855817], [-80.232530113159, 25.7796347038418], [-80.2327581184842, 25.779620086411], [-80.2332471633005, 25.7795930880312], [-80.2336138242226, 25.7795771355097], [-80.2344214596755, 25.7795665991371], [-80.2354592086629, 25.7795087760841], [-80.2357645121621, 25.7795241364804], [-80.2364054994493, 25.7794968937292], [-80.2370165700271, 25.7794550469805], [-80.237381890676, 25.7794703747835], [-80.2378703566531, 25.7794743098524], [-80.2383131033432, 25.7794401736569], [-80.2393818023112, 25.7794130927368], [-80.2394268170158, 25.781348192743], [-80.2394883624023, 25.7830144379686], [-80.2395031070239, 25.7834423447203], [-80.2395190043122, 25.7836893590669], [-80.2395493965606, 25.7845823205404], [-80.2395636861472, 25.7849029235173], [-80.2388927408421, 25.7849176421291]]]}}, {"type": "Feature", "properties": {"name": "Orange Bowl", "label": "Orange Bowl"}, "geometry": {"type": "Polygon", "coordinates": [[[-80.2148287818071, 25.7801833720787], [-80.2148133803877, 25.7792918647238], [-80.214782711182, 25.7782960690563], [-80.2147529812314, 25.777330887277], [-80.2147379899073, 25.7763771330636], [-80.2147066382094, 25.7754274182713], [-80.2146919209828, 25.7744320520943], [-80.2146609777051, 25.7734782114304], [-80.2163135212049, 25.7734368235467], [-80.2180160228523, 25.7733359296712], [-80.2196572714628, 25.7733080270924], [-80.2214403824899, 25.7732808650259], [-80.2222308837738, 25.7732117532628], [-80.2225361251133, 25.7730299054355], [-80.2227637618106, 25.7727496277778], [-80.2227794154295, 25.7732035063512], [-80.2228100493936, 25.7742149504031], [-80.2228401327303, 25.7746113003779], [-80.2228396540894, 25.7752093638663], [-80.2228859799847, 25.7761443707795], [-80.2229005997339, 25.7764071987522], [-80.2228862223305, 25.7770980456691], [-80.2229323517535, 25.7780633154703], [-80.2226569499808, 25.7789976343701], [-80.2226107816003, 25.7793787885758], [-80.2225957530759, 25.7799361924278], [-80.221558478771, 25.7799781070759], [-80.2202913943975, 25.780019813785], [-80.2198952044164, 25.7800200974589], [-80.2191631491369, 25.7800319904707], [-80.2185982093902, 25.7800468408653], [-80.2181856121791, 25.7800583808167], [-80.2174387218942, 25.780073280623], [-80.2164621229721, 25.780130272463], [-80.215621805588, 25.7801425963027], [-80.2148287818071, 25.7801833720787]]]}}, {"type": "Feature", "properties": {"name": "Citrus Grove", "label": "Citrus Grove"}, "geometry": {"type": "Polygon", "coordinates": [[[-80.2225957530759, 25.7799361924278], [-80.2226107816003, 25.7793787885758], [-80.2226569499808, 25.7789976343701], [-80.2229323517535, 25.7780633154703], [-80.2228862223305, 25.7770980456691], [-80.2229005997339, 25.7764071987522], [-80.2228859799847, 25.7761443707795], [-80.2228396540894, 25.7752093638663], [-80.2228401327303, 25.7746113003779], [-80.2228100493936, 25.7742149504031], [-80.2227794154295, 25.7732035063512], [-80.2227637618106, 25.7727496277778], [-80.222754022319, 25.7722331022538], [-80.222719179635, 25.7713432094699], [-80.2227258724298, 25.7703159729649], [-80.2226887697712, 25.7698021381756], [-80.2226913987351, 25.7693985690148], [-80.2226929533395, 25.769160072486], [-80.2226572838166, 25.7684261401316], [-80.2226582408378, 25.7682793798954], [-80.2226034483176, 25.7673618671716], [-80.2226090057069, 25.7665089023791], [-80.222580901671, 25.7656050302909], [-80.2246401876229, 25.7655517030557], [-80.2266698490273, 25.7654981892548], [-80.2281499539227, 25.7654405298218], [-80.2290814152629, 25.7654138253892], [-80.2306684968792, 25.7653759659235], [-80.2327131623633, 25.7652920103609], [-80.2348187996334, 25.7652353441174], [-80.2355355741622, 25.7652232904309], [-80.2367713789356, 25.7651778439867], [-80.238098955673, 25.7651543633093], [-80.2388467935454, 25.765154836741], [-80.2388773520247, 25.7660208037154], [-80.2388930265168, 25.7668978703624], [-80.2389534007688, 25.767614905698], [-80.2389684776785, 25.7683475240701], [-80.2390147349561, 25.7693127927989], [-80.2390460871625, 25.7702925992854], [-80.239090531072, 25.7713042873236], [-80.239121449175, 25.7719353607748], [-80.2391367689947, 25.7722728222779], [-80.2391828162986, 25.7738669375629], [-80.2392434767123, 25.7754924258022], [-80.2392747941894, 25.7762399174345], [-80.239290088048, 25.7769983295005], [-80.2393197983271, 25.7778190667119], [-80.2393511164988, 25.7785665572128], [-80.2393818023112, 25.7794130927368], [-80.2383131033432, 25.7794401736569], [-80.2378703566531, 25.7794743098524], [-80.237381890676, 25.7794703747835], [-80.2370165700271, 25.7794550469805], [-80.2364054994493, 25.7794968937292], [-80.2357645121621, 25.7795241364804], [-80.2354592086629, 25.7795087760841], [-80.2344214596755, 25.7795665991371], [-80.2336138242226, 25.7795771355097], [-80.2332471633005, 25.7795930880312], [-80.2327581184842, 25.779620086411], [-80.232530113159, 25.7796347038418], [-80.2318891269325, 25.7796615855817], [-80.2311259037881, 25.7796768134273], [-80.2303778961216, 25.7796886786357], [-80.2295238904565, 25.7797034178406], [-80.2292496617258, 25.7796995580413], [-80.22883646816, 25.7797448283873], [-80.2280895996694, 25.779756687855], [-80.2272043669785, 25.779783629461], [-80.2265173971516, 25.7798136823614], [-80.2259074585495, 25.7798558348399], [-80.2255260854672, 25.7798558687792], [-80.2248850960949, 25.7798830635007], [-80.224579594726, 25.7798982873068], [-80.2241682437715, 25.7798936870718], [-80.2234660696179, 25.7799250201061], [-80.2229923195757, 25.7799362473151], [-80.2225957530759, 25.7799361924278]]]}}, {"type": "Feature", "properties": {"name": "Auburndale", "label": "Auburndale"}, "geometry": {"type": "Polygon", "coordinates": [[[-80.2393818023112, 25.7794130927368], [-80.2393511164988, 25.7785665572128], [-80.2393197983271, 25.7778190667119], [-80.239290088048, 25.7769983295005], [-80.2392747941894, 25.7762399174345], [-80.2392434767123, 25.7754924258022], [-80.2391828162986, 25.7738669375629], [-80.2391367689947, 25.7722728222779], [-80.239121449175, 25.7719353607748], [-80.239090531072, 25.7713042873236], [-80.2390460871625, 25.7702925992854], [-80.2390147349561, 25.7693127927989], [-80.2389684776785, 25.7683475240701], [-80.2389534007688, 25.767614905698], [-80.2388930265168, 25.7668978703624], [-80.2388773520247, 25.7660208037154], [-80.2388467935454, 25.765154836741], [-80.240326962864, 25.7650858760047], [-80.2409677418683, 25.7650790729962], [-80.2417157085994, 25.7650592415064], [-80.2419752873798, 25.7650323927252], [-80.2429827035953, 25.7650059956382], [-80.2434203065847, 25.7649958900166], [-80.2438165040433, 25.7649865997167], [-80.2448440278545, 25.7649637324145], [-80.2450123763016, 25.7649487857258], [-80.2457291418457, 25.7649378858824], [-80.2462814276393, 25.7649306008643], [-80.2465207484409, 25.764923929909], [-80.2470419263286, 25.7649108068589], [-80.2495895171588, 25.7647545845275], [-80.2497679740743, 25.7647326337666], [-80.251145465264, 25.7646508277813], [-80.2521839424904, 25.7646358776401], [-80.2531903261019, 25.7645903186602], [-80.2541825666319, 25.7645592970051], [-80.2552200939005, 25.7645137120292], [-80.2552664844051, 25.7652353142169], [-80.2552812017189, 25.7654938425707], [-80.2553120031846, 25.765974795356], [-80.2553428712775, 25.766810154141], [-80.2553722506432, 25.7672754510626], [-80.255367591043, 25.7676264794995], [-80.2554034656707, 25.7686638291604], [-80.2554183872229, 25.7690724778488], [-80.2554188538634, 25.7694236181817], [-80.2554493968366, 25.7698853102569], [-80.2546739115773, 25.7699896726172], [-80.2546999482602, 25.7714152529623], [-80.2541351657798, 25.7714123576891], [-80.254152983603, 25.7717823313835], [-80.2551136430506, 25.7718001497051], [-80.2551158281856, 25.7714501405633], [-80.255520509306, 25.7714233235182], [-80.2555353836047, 25.7717787510585], [-80.2555351786678, 25.7723898029628], [-80.255586555603, 25.7731040352955], [-80.2556011443559, 25.7737486080708], [-80.2556325847325, 25.7744926596059], [-80.2556471940924, 25.775194839116], [-80.2556783967116, 25.7759770636077], [-80.2556928657289, 25.7766408946385], [-80.2556933519549, 25.7773541784184], [-80.2557078489075, 25.7780135395093], [-80.2557690375647, 25.7787993562146], [-80.2549909433156, 25.7788256376577], [-80.2541219309491, 25.7788734592968], [-80.2531605165185, 25.778876091947], [-80.2527329938364, 25.7789069116044], [-80.2521231509121, 25.7789364490792], [-80.2511766801745, 25.7789790401599], [-80.2510243377473, 25.778982726008], [-80.2501079717818, 25.7790096451169], [-80.2491165611319, 25.7790698754925], [-80.2481102746107, 25.7791393078526], [-80.2475601531287, 25.7791543474393], [-80.2464154888873, 25.7791810950922], [-80.2455466009362, 25.7792072013847], [-80.2451652285158, 25.7792072868526], [-80.2447375132058, 25.779207473781], [-80.2439129662624, 25.7792496204179], [-80.2435015139573, 25.7792608943058], [-80.2418221968067, 25.779318872258], [-80.2413796984491, 25.7793141584095], [-80.2408606227081, 25.7793451544435], [-80.240113662, 25.77937186344], [-80.2397731963359, 25.7793903766254], [-80.2393818023112, 25.7794130927368]]]}}, {"type": "Feature", "properties": {"name": "Flagami", "label": "Flagami"}, "geometry": {"type": "Polygon", "coordinates": [[[-80.2585692456138, 25.7786527045138], [-80.2557690375647, 25.7787993562146], [-80.2557078489075, 25.7780135395093], [-80.2556933519549, 25.7773541784184], [-80.2556928657289, 25.7766408946385], [-80.2556783967116, 25.7759770636077], [-80.2556471940924, 25.775194839116], [-80.2556325847325, 25.7744926596059], [-80.2556011443559, 25.7737486080708], [-80.255586555603, 25.7731040352955], [-80.2555351786678, 25.7723898029628], [-80.2555353836047, 25.7717787510585], [-80.255520509306, 25.7714233235182], [-80.2555280539327, 25.7713100414355], [-80.2555260694246, 25.7705325234457], [-80.2584948884956, 25.7704814815798], [-80.2584974514045, 25.7700692248943], [-80.2585099805107, 25.7680534228698], [-80.2590270822958, 25.7680560572587], [-80.2593869450499, 25.7680578897795], [-80.2593891257576, 25.7677066760129], [-80.259161300238, 25.7643934283696], [-80.2595963862107, 25.7643899679973], [-80.2608352457435, 25.7643686672485], [-80.2612777870304, 25.7643573305959], [-80.2616444101386, 25.7643388998518], [-80.2632775646045, 25.7642771915903], [-80.2652762441961, 25.7641901412416], [-80.2668933465777, 25.7641441304472], [-80.2672598586841, 25.7641437418038], [-80.2693967152181, 25.7640676476977], [-80.2698230138608, 25.7640414142965], [-80.2702971992001, 25.7640100894912], [-80.2706172740187, 25.7640263104731], [-80.2714101115572, 25.7639952036374], [-80.2724477259834, 25.7639338475357], [-80.2734567014216, 25.7639600400945], [-80.2740195060673, 25.7639078218528], [-80.2747066632457, 25.7638921614812], [-80.2755156663716, 25.7638882820215], [-80.2761712749645, 25.763876756182], [-80.2769641035656, 25.7638468222524], [-80.2776824997097, 25.7638154829217], [-80.2784176412539, 25.7638097584695], [-80.279177296944, 25.7637697602519], [-80.2795739001347, 25.7637548727667], [-80.2806727837819, 25.7637042509832], [-80.2816945719646, 25.7636525526391], [-80.2821981950798, 25.7636515987261], [-80.2830219812847, 25.7636522212964], [-80.2837239496407, 25.7636365903535], [-80.2856182517051, 25.7635664586193], [-80.2878244690023, 25.7634477885074], [-80.2899803126468, 25.7634008898212], [-80.2904229633843, 25.7633702048269], [-80.2912018726917, 25.7633808797505], [-80.2917503052444, 25.763381142691], [-80.2926508634544, 25.7633088303254], [-80.2931467884488, 25.7633248244399], [-80.2935183437752, 25.7633063381167], [-80.2940707408752, 25.7632784105041], [-80.2943062639735, 25.7632706116056], [-80.2949098833676, 25.7632510106723], [-80.2958558953485, 25.7632635017432], [-80.2968012728392, 25.763190176282], [-80.2978082167575, 25.7631747479357], [-80.2998380932213, 25.7630727567359], [-80.3007841776572, 25.7630726627397], [-80.3018065401666, 25.7630832468417], [-80.3027825778792, 25.7630270537726], [-80.303851053279, 25.7630106741295], [-80.3048684405332, 25.7629625748486], [-80.3057897079645, 25.7629195127303], [-80.3065676952028, 25.7628927856827], [-80.3072696528956, 25.762878073648], [-80.3078956520515, 25.7628629961951], [-80.3084141703149, 25.7628474063519], [-80.3092993692921, 25.7628019147137], [-80.309832902738, 25.7628168271611], [-80.3100772053639, 25.7628011342682], [-80.3110179707942, 25.7628012066656], [-80.3116643594973, 25.7627408983324], [-80.3137087801655, 25.7626828033991], [-80.3145790741588, 25.7626530303713], [-80.3157537478977, 25.7625952779037], [-80.3165317518056, 25.7625650584397], [-80.3174023347467, 25.7624845408563], [-80.3177815844642, 25.7624147841359], [-80.3181702416306, 25.7624265795537], [-80.31900801145, 25.7623721220319], [-80.3197168411198, 25.7623171438204], [-80.3197155102426, 25.7625504871259], [-80.3187486592817, 25.762662552285], [-80.3185548697619, 25.7627783195223], [-80.3183567278864, 25.7630574272589], [-80.3178825031487, 25.7646926036882], [-80.3171780027871, 25.7662448458903], [-80.3169674003168, 25.7667086634965], [-80.3155388831827, 25.7682380639232], [-80.3122139451503, 25.7701174611016], [-80.3100464736016, 25.7713005952469], [-80.3094166289505, 25.7715128998908], [-80.3094467386435, 25.7735617642756], [-80.3094326104138, 25.7737713159261], [-80.3094317096363, 25.7739269347206], [-80.3094088906803, 25.7741287923215], [-80.3093751010421, 25.7743227735469], [-80.30933656945, 25.7745157871614], [-80.3092984347223, 25.7746729478878], [-80.3092449774305, 25.7748525636751], [-80.3092074493044, 25.7749705218015], [-80.3091489661449, 25.7751324015932], [-80.3090883355138, 25.7753042447033], [-80.309011580634, 25.7755055879316], [-80.3089684215368, 25.7756448419879], [-80.3089238665482, 25.7757627657479], [-80.3088571888697, 25.7759292497829], [-80.3088108742258, 25.7760886073829], [-80.3087612225875, 25.7762011766367], [-80.3087137861441, 25.7763572621238], [-80.3086190861725, 25.7765743399433], [-80.3084519427428, 25.7770022391593], [-80.3083333799996, 25.777305699369], [-80.3082751360185, 25.7727107603151], [-80.3082653112791, 25.7720797091806], [-80.304266692662, 25.7738308734318], [-80.3024256068272, 25.7745817716953], [-80.3004313242659, 25.7754788472291], [-80.298525633676, 25.7762914616477], [-80.2964018856337, 25.7772971366353], [-80.2957311144974, 25.7777089992529], [-80.2936434046547, 25.7777848545907], [-80.2926971109475, 25.7778005469286], [-80.2917657255834, 25.7778004856098], [-80.2909115565288, 25.7778461922388], [-80.290508876776, 25.7778531702003], [-80.2901187519739, 25.7778567700581], [-80.2892171910537, 25.7778874462874], [-80.2882721315783, 25.7778872957937], [-80.2862119551274, 25.7779948200329], [-80.2828541067635, 25.77812034024], [-80.2821372178842, 25.7781395025972], [-80.2815574322203, 25.7781624336638], [-80.2810236518933, 25.7781780236413], [-80.2796809948397, 25.7782233122386], [-80.279024860944, 25.778245855217], [-80.2780784693649, 25.7782772719191], [-80.2769337333591, 25.7783190460963], [-80.2763692117459, 25.7783299953284], [-80.2752518658204, 25.7783650141959], [-80.2717767205618, 25.778475249688], [-80.2695174577709, 25.7785247939528], [-80.2692895701558, 25.7785212423005], [-80.2684806550974, 25.7784948215629], [-80.2679769788986, 25.7784943510385], [-80.2673821616767, 25.7784903246808], [-80.2664971635152, 25.7784824250472], [-80.2659934790932, 25.7784833232674], [-80.2640699813067, 25.7784746354271], [-80.2630601172527, 25.7785114798051], [-80.2625161517042, 25.7785458654351], [-80.2621039890474, 25.7785810899099], [-80.260950384125, 25.7786125482136], [-80.2599204161425, 25.7786446262725], [-80.2585692456138, 25.7786527045138]]]}}, {"type": "Feature", "properties": {"name": "Latin Quarter", "label": "Latin Quarter"}, "geometry": {"type": "Polygon", "coordinates": [[[-80.2163135212049, 25.7734368235467], [-80.2146609777051, 25.7734782114304], [-80.2146303834598, 25.7724712387523], [-80.2146000011341, 25.7715476659309], [-80.2145546166011, 25.7705373455686], [-80.2145543433195, 25.7695981151006], [-80.2145393233735, 25.7686488306071], [-80.2144930630779, 25.7677139949698], [-80.2144624182889, 25.766714930306], [-80.2144470275448, 25.7658220457863], [-80.21537838845, 25.7658112494508], [-80.2161100813824, 25.7657835520437], [-80.217590287721, 25.7657113840335], [-80.2178656462172, 25.7657118321986], [-80.2185676102271, 25.7656997825855], [-80.2194976504414, 25.7656585161582], [-80.220597371067, 25.7656315659152], [-80.2212232940678, 25.7656316485993], [-80.222580901671, 25.7656050302909], [-80.2226090057069, 25.7665089023791], [-80.2226034483176, 25.7673618671716], [-80.2226582408378, 25.7682793798954], [-80.2226572838166, 25.7684261401316], [-80.2226929533395, 25.769160072486], [-80.2226913987351, 25.7693985690148], [-80.2226887697712, 25.7698021381756], [-80.2227258724298, 25.7703159729649], [-80.222719179635, 25.7713432094699], [-80.222754022319, 25.7722331022538], [-80.2227637618106, 25.7727496277778], [-80.2225361251133, 25.7730299054355], [-80.2222308837738, 25.7732117532628], [-80.2214403824899, 25.7732808650259], [-80.2196572714628, 25.7733080270924], [-80.2180160228523, 25.7733359296712], [-80.2163135212049, 25.7734368235467]]]}}, {"type": "Feature", "properties": {"name": "West Brickell", "label": "West Brickell"}, "geometry": {"type": "Polygon", "coordinates": [[[-80.1997370587516, 25.7619157017535], [-80.1999581252936, 25.7633281669649], [-80.2000041994005, 25.7636221215807], [-80.2004100813164, 25.7652278493035], [-80.2005706170281, 25.7661531705082], [-80.2004805533308, 25.767152431471], [-80.2003699776727, 25.7680950924776], [-80.2000507625119, 25.7691120096318], [-80.1996696314114, 25.7700154380142], [-80.1992942274471, 25.7708570786197], [-80.1989904710322, 25.7708418221672], [-80.1987086407797, 25.7699655276113], [-80.1984296390577, 25.7696297936037], [-80.1982692517816, 25.7693626352416], [-80.1980756086176, 25.7691270198595], [-80.1978382391224, 25.7689268432326], [-80.1975186867114, 25.7687478803554], [-80.1972132240437, 25.7686483528996], [-80.1968957243826, 25.7685879641447], [-80.1965718768506, 25.768567862895], [-80.1962481359083, 25.7685883438083], [-80.1959305796997, 25.7686491823004], [-80.1956683436106, 25.7687295847919], [-80.195583502607, 25.7673141714413], [-80.1955638851878, 25.7671253403109], [-80.1955693535345, 25.7663142517027], [-80.1954704735139, 25.7624464002121], [-80.195471999321, 25.7622200271837], [-80.1955605739638, 25.7614470559665], [-80.1957959361895, 25.7605051735217], [-80.1959862139383, 25.7601100361005], [-80.1962197785616, 25.7598288869179], [-80.1965538824751, 25.7600145536556], [-80.1972324500791, 25.760398664886], [-80.1981708764334, 25.760969231148], [-80.1988040021709, 25.7613634031071], [-80.1989624567749, 25.7614362390879], [-80.1997370587516, 25.7619157017535]]]}}, {"type": "Feature", "properties": {"name": "Brickell Key", "label": "Brickell Key"}, "geometry": {"type": "Polygon", "coordinates": [[[-80.1859713449581, 25.7691065070494], [-80.1832393034195, 25.7690813120922], [-80.1830872961677, 25.769065326944], [-80.1829820073736, 25.7690215748449], [-80.1829084387592, 25.7689768832781], [-80.1828540535007, 25.7689041845666], [-80.1828405327201, 25.7688264699858], [-80.1828552516031, 25.7687292262757], [-80.1840604441032, 25.7646967352835], [-80.1840804570972, 25.7646583286871], [-80.1841029299315, 25.7646211400108], [-80.1841280508185, 25.7645853427144], [-80.1841554413948, 25.7645510186225], [-80.1841852904534, 25.7645182563487], [-80.1842172148708, 25.7644873967515], [-80.184251405616, 25.7644583560506], [-80.1842874817356, 25.764431303613], [-80.1843252532578, 25.764406323222], [-80.1843649073949, 25.7643835892341], [-80.1844058763823, 25.7643631842182], [-80.1844483476203, 25.7643451092232], [-80.1844917517687, 25.7643295316591], [-80.1845362772068, 25.7643164552883], [-80.1845817365569, 25.7643058763521], [-80.1846277458664, 25.7642979660079], [-80.1846741183255, 25.764292637457], [-80.1847208517688, 25.7642900621905], [-80.1847677569884, 25.7642900667423], [-80.1848144546111, 25.7642927356421], [-80.1848609430577, 25.7642981546329], [-80.1849068453099, 25.764306063446], [-80.1849521586047, 25.764316721127], [-80.1849966953278, 25.7643298666628], [-80.1850402660773, 25.7643455007991], [-80.1850824900835, 25.7643636205022], [-80.1851235583229, 25.7643841410909], [-80.1851630921867, 25.7644068889431], [-80.1852009022899, 25.7644318620973], [-80.185236988216, 25.7644589757033], [-80.1852709723638, 25.7644880543401], [-80.185303043708, 25.7645190142178], [-80.1853328240551, 25.7645517665665], [-80.1853601257677, 25.7645860530821], [-80.1853851376582, 25.7646219596717], [-80.1854076726737, 25.7646591422827], [-80.1854273490365, 25.7646975987797], [-80.185431721588, 25.7647247063634], [-80.1866015800261, 25.7685876275604], [-80.1866223281323, 25.7687477481211], [-80.1865995915639, 25.7688793402215], [-80.1865378279513, 25.7689972150607], [-80.1863830995358, 25.7690738164616], [-80.1862197358515, 25.7691078961316], [-80.1859713449581, 25.7691065070494]]]}}, {"type": "Feature", "properties": {"name": "Shenandoah North", "label": "Shenandoah North"}, "geometry": {"type": "Polygon", "coordinates": [[[-80.2144470275448, 25.7658220457863], [-80.2144321121938, 25.7648569423738], [-80.2144172693624, 25.7642845885783], [-80.2144013412041, 25.7638771365864], [-80.2143711207867, 25.7631600836749], [-80.2143715184239, 25.7629265682498], [-80.2143400943134, 25.7619883719594], [-80.2142793359292, 25.7608333512488], [-80.2143108446518, 25.7600277296609], [-80.2142802645579, 25.7591921964949], [-80.214295002928, 25.758799525526], [-80.2142948564238, 25.7584755574036], [-80.2142949190136, 25.7577160223898], [-80.2164165548373, 25.757690142197], [-80.2164006799085, 25.757967767656], [-80.2183229326696, 25.7579419905916], [-80.2183238831744, 25.7580288338576], [-80.2202759361538, 25.7579761934812], [-80.2223521035421, 25.7578765576518], [-80.2223516245635, 25.7582999142888], [-80.2244123995306, 25.7582318077329], [-80.2263497471087, 25.7581631867068], [-80.2270975249802, 25.7581659553072], [-80.2278755890598, 25.7581250305356], [-80.2283643773653, 25.7581241829337], [-80.2304386513229, 25.7580821998244], [-80.2325146856856, 25.7580027090494], [-80.2344980091534, 25.7579297518206], [-80.2365427308729, 25.7578761762118], [-80.238557358744, 25.7577771903764], [-80.2386027381434, 25.7587006691434], [-80.2386181161238, 25.7596239917909], [-80.2386643566413, 25.7605318272589], [-80.2386948536425, 25.7614665778695], [-80.238725209888, 25.76212585186], [-80.2387099532188, 25.7623740787476], [-80.2387406654114, 25.7628584727422], [-80.2387707384549, 25.7636216067051], [-80.2388163799954, 25.7642663437062], [-80.2388167922824, 25.7643803532978], [-80.2388467935454, 25.765154836741], [-80.238098955673, 25.7651543633093], [-80.2367713789356, 25.7651778439867], [-80.2355355741622, 25.7652232904309], [-80.2348187996334, 25.7652353441174], [-80.2327131623633, 25.7652920103609], [-80.2306684968792, 25.7653759659235], [-80.2290814152629, 25.7654138253892], [-80.2281499539227, 25.7654405298218], [-80.2266698490273, 25.7654981892548], [-80.2246401876229, 25.7655517030557], [-80.222580901671, 25.7656050302909], [-80.2212232940678, 25.7656316485993], [-80.220597371067, 25.7656315659152], [-80.2194976504414, 25.7656585161582], [-80.2185676102271, 25.7656997825855], [-80.2178656462172, 25.7657118321986], [-80.217590287721, 25.7657113840335], [-80.2161100813824, 25.7657835520437], [-80.21537838845, 25.7658112494508], [-80.2144470275448, 25.7658220457863]]]}}, {"type": "Feature", "properties": {"name": "Parkdale North", "label": "Parkdale North"}, "geometry": {"type": "Polygon", "coordinates": [[[-80.2388467935454, 25.765154836741], [-80.2388167922824, 25.7643803532978], [-80.2388163799954, 25.7642663437062], [-80.2387707384549, 25.7636216067051], [-80.2387406654114, 25.7628584727422], [-80.2387099532188, 25.7623740787476], [-80.238725209888, 25.76212585186], [-80.2386948536425, 25.7614665778695], [-80.2386643566413, 25.7605318272589], [-80.2386181161238, 25.7596239917909], [-80.2386027381434, 25.7587006691434], [-80.238557358744, 25.7577771903764], [-80.2405710309122, 25.757708607449], [-80.2427224644823, 25.7576555015177], [-80.2447983227223, 25.7576019726446], [-80.2468425586048, 25.7575640696513], [-80.2468732069104, 25.7594480300361], [-80.2469038223471, 25.7603139972661], [-80.2469345606353, 25.7611605343972], [-80.2469340984403, 25.7618356395559], [-80.2470419263286, 25.7649108068589], [-80.2465207484409, 25.764923929909], [-80.2462814276393, 25.7649306008643], [-80.2457291418457, 25.7649378858824], [-80.2450123763016, 25.7649487857258], [-80.2448440278545, 25.7649637324145], [-80.2438165040433, 25.7649865997167], [-80.2434203065847, 25.7649958900166], [-80.2429827035953, 25.7650059956382], [-80.2419752873798, 25.7650323927252], [-80.2417157085994, 25.7650592415064], [-80.2409677418683, 25.7650790729962], [-80.240326962864, 25.7650858760047], [-80.2388467935454, 25.765154836741]]]}}, {"type": "Feature", "properties": {"name": "La Pastorita", "label": "La Pastorita"}, "geometry": {"type": "Polygon", "coordinates": [[[-80.2470419263286, 25.7649108068589], [-80.2469340984403, 25.7618356395559], [-80.2469345606353, 25.7611605343972], [-80.2469038223471, 25.7603139972661], [-80.2468732069104, 25.7594480300361], [-80.2468425586048, 25.7575640696513], [-80.2504602584305, 25.7573104462605], [-80.2507770317583, 25.757274332053], [-80.2528550961509, 25.7572282691594], [-80.2548693785739, 25.7571787549236], [-80.2549581731992, 25.758224888962], [-80.2549755205236, 25.758731222984], [-80.2549909682462, 25.7590552712841], [-80.2550071454002, 25.7595057128675], [-80.2550066439554, 25.7597686344207], [-80.254961992454, 25.7601986461775], [-80.2550072263773, 25.7604662726394], [-80.2550529778562, 25.7609247754921], [-80.2550683551633, 25.7612600009735], [-80.2551286543113, 25.7620042014381], [-80.2551593117332, 25.7626906433062], [-80.2552200939005, 25.7645137120292], [-80.2541825666319, 25.7645592970051], [-80.2531903261019, 25.7645903186602], [-80.2521839424904, 25.7646358776401], [-80.251145465264, 25.7646508277813], [-80.2497679740743, 25.7647326337666], [-80.2495895171588, 25.7647545845275], [-80.2470419263286, 25.7649108068589]]]}}, {"type": "Feature", "properties": {"name": "Roads", "label": "Roads"}, "geometry": {"type": "Polygon", "coordinates": [[[-80.1997370587516, 25.7619157017535], [-80.1997380670327, 25.7611988197896], [-80.1997682870815, 25.7598637406475], [-80.1997675273983, 25.7586741394148], [-80.1998142998237, 25.7578154717232], [-80.1998898774595, 25.7573620927556], [-80.2000121436362, 25.7569688107476], [-80.2000579308899, 25.7568235871506], [-80.2002307751211, 25.7565618728008], [-80.2002720182674, 25.7564995924284], [-80.200622736444, 25.7560184915916], [-80.2013694781033, 25.7554357006613], [-80.2027895496999, 25.7544547299051], [-80.2032540167435, 25.7542830799669], [-80.2038600327841, 25.7539845239761], [-80.2049896443411, 25.7532738074204], [-80.2059603653892, 25.7526690860668], [-80.2078621084241, 25.75137153746], [-80.2105443747618, 25.7500781958014], [-80.2117973236593, 25.749484077288], [-80.2127837692547, 25.7490766288653], [-80.2134680154251, 25.7488283218688], [-80.2197437273484, 25.7465507099379], [-80.2216039638644, 25.7458743807001], [-80.2217547780635, 25.7458367533592], [-80.2217411104885, 25.746214902785], [-80.2218027919302, 25.7467140823557], [-80.2218501381696, 25.7476647476716], [-80.2218785855486, 25.748485482713], [-80.2218784791581, 25.7488512369819], [-80.2219094875821, 25.7492790617081], [-80.2219395821234, 25.7500219096943], [-80.2219596613944, 25.7503786576199], [-80.221984971729, 25.7508654332098], [-80.2210551437702, 25.7508919305873], [-80.2199543321879, 25.7509322943892], [-80.2183997791784, 25.7509612724238], [-80.2164001723048, 25.7510442428875], [-80.2143707032256, 25.7511055297797], [-80.2141726784817, 25.7512466701311], [-80.2142336782351, 25.7518452388847], [-80.214249082123, 25.7525630722252], [-80.2142332691694, 25.7532346528638], [-80.2142645331443, 25.7539661566265], [-80.2142641002728, 25.754435769771], [-80.2142487952394, 25.7546839932117], [-80.2142637210334, 25.7554166119045], [-80.2142801748291, 25.7561480355337], [-80.2142949011253, 25.7569686952734], [-80.2142949190136, 25.7577160223898], [-80.2142948564238, 25.7584755574036], [-80.214295002928, 25.758799525526], [-80.2142802645579, 25.7591921964949], [-80.2143108446518, 25.7600277296609], [-80.2142793359292, 25.7608333512488], [-80.2143400943134, 25.7619883719594], [-80.2143715184239, 25.7629265682498], [-80.2127148761849, 25.7629778879852], [-80.2113495058735, 25.7629767740557], [-80.2104799690957, 25.7629460946885], [-80.2099921084786, 25.7629761193479], [-80.2091980494635, 25.7630182365644], [-80.2087402147126, 25.7630449810228], [-80.2081295938156, 25.7630304829706], [-80.2078701937899, 25.7630301033377], [-80.2073215587519, 25.7630609924319], [-80.2066805905623, 25.7630980820811], [-80.2053831155975, 25.7631102641178], [-80.2040865851087, 25.7631516730626], [-80.2028194665176, 25.7632248712999], [-80.2023621893136, 25.7632246012674], [-80.2020715692628, 25.763235561671], [-80.2007138847443, 25.7632776361125], [-80.1999581252936, 25.7633281669649], [-80.1997370587516, 25.7619157017535]]]}}, {"type": "Feature", "properties": {"name": "Miami Avenue", "label": "Miami Avenue"}, "geometry": {"type": "Polygon", "coordinates": [[[-80.1997370587516, 25.7619157017535], [-80.1989624567749, 25.7614362390879], [-80.1988040021709, 25.7613634031071], [-80.1981708764334, 25.760969231148], [-80.1972324500791, 25.760398664886], [-80.1965538824751, 25.7600145536556], [-80.1962197785616, 25.7598288869179], [-80.1958921593724, 25.75963930163], [-80.1950988350858, 25.7591811235935], [-80.1940916090076, 25.7586235695762], [-80.1928400538725, 25.7579179760589], [-80.1931486557187, 25.7576608060982], [-80.1950954494902, 25.7562755510376], [-80.1961415226414, 25.7556021863754], [-80.1967903513059, 25.7551530056268], [-80.2015616386361, 25.7519156758349], [-80.2030056646572, 25.7509237421496], [-80.2038873096344, 25.7503777861031], [-80.2019494162679, 25.7481607924523], [-80.2019869547183, 25.7481408798039], [-80.2020449038761, 25.7481352642027], [-80.2021432897397, 25.7481024438784], [-80.2022101972207, 25.7481484648971], [-80.2023111329195, 25.7481033633712], [-80.2027184400687, 25.7478725050388], [-80.2037197042528, 25.7475231498245], [-80.2046895502953, 25.7473003478694], [-80.2050318429543, 25.7471654239686], [-80.2051329284182, 25.7470975373491], [-80.2053352893781, 25.746961763123], [-80.2054023506415, 25.7469849129611], [-80.2055031699035, 25.7469854630273], [-80.2056251216821, 25.7469204411863], [-80.2056897158504, 25.7469148603665], [-80.2058099014483, 25.7468585122758], [-80.2059173101281, 25.7468104340454], [-80.2060043742895, 25.7467951745765], [-80.2061144129298, 25.7467513232284], [-80.2062653142506, 25.7466727870352], [-80.2063424923949, 25.7466022752101], [-80.2064836999989, 25.7465253197599], [-80.2066487746457, 25.7464570062295], [-80.2067895290753, 25.7463910540818], [-80.2069592036102, 25.7463160585166], [-80.2071572802785, 25.7462244514565], [-80.2072964199768, 25.7461728485551], [-80.2074547789786, 25.7461149006397], [-80.2076459879596, 25.7460280702889], [-80.2078388393551, 25.7459511372056], [-80.2080880395381, 25.7458233522775], [-80.2082705750961, 25.7457558196371], [-80.2099226349904, 25.7476803135887], [-80.2106436168213, 25.7485090186485], [-80.2108591500553, 25.7487065622264], [-80.2113882826061, 25.749375764536], [-80.2127837692547, 25.7490766288653], [-80.2117973236593, 25.749484077288], [-80.2105443747618, 25.7500781958014], [-80.2078621084241, 25.75137153746], [-80.2059603653892, 25.7526690860668], [-80.2049896443411, 25.7532738074204], [-80.2038600327841, 25.7539845239761], [-80.2032540167435, 25.7542830799669], [-80.2027895496999, 25.7544547299051], [-80.2013694781033, 25.7554357006613], [-80.200622736444, 25.7560184915916], [-80.2002720182674, 25.7564995924284], [-80.2002307751211, 25.7565618728008], [-80.2000579308899, 25.7568235871506], [-80.2000121436362, 25.7569688107476], [-80.1998898774595, 25.7573620927556], [-80.1998142998237, 25.7578154717232], [-80.1997675273983, 25.7586741394148], [-80.1997682870815, 25.7598637406475], [-80.1997380670327, 25.7611988197896], [-80.1997370587516, 25.7619157017535]]]}}, {"type": "Feature", "properties": {"name": "Shenandoah South", "label": "Shenandoah South"}, "geometry": {"type": "Polygon", "coordinates": [[[-80.2223516245635, 25.7582999142888], [-80.2223521035421, 25.7578765576518], [-80.2202759361538, 25.7579761934812], [-80.2183238831744, 25.7580288338576], [-80.2183229326696, 25.7579419905916], [-80.2164006799085, 25.757967767656], [-80.2164165548373, 25.757690142197], [-80.2142949190136, 25.7577160223898], [-80.2142949011253, 25.7569686952734], [-80.2142801748291, 25.7561480355337], [-80.2142637210334, 25.7554166119045], [-80.2142487952394, 25.7546839932117], [-80.2142641002728, 25.754435769771], [-80.2142645331443, 25.7539661566265], [-80.2142332691694, 25.7532346528638], [-80.214249082123, 25.7525630722252], [-80.2142336782351, 25.7518452388847], [-80.2141726784817, 25.7512466701311], [-80.2143707032256, 25.7511055297797], [-80.2164001723048, 25.7510442428875], [-80.2183997791784, 25.7509612724238], [-80.2199543321879, 25.7509322943892], [-80.2210551437702, 25.7508919305873], [-80.221984971729, 25.7508654332098], [-80.2240307144325, 25.7508118643234], [-80.2260750809974, 25.7507359059354], [-80.2280748926209, 25.7506787693025], [-80.230165089272, 25.750621052203], [-80.232209803069, 25.7505494793368], [-80.2342390136236, 25.7505262888006], [-80.2362434141294, 25.7504633898458], [-80.2382185980197, 25.7504261038965], [-80.2382541098668, 25.7504254294361], [-80.2382827865097, 25.7508116259416], [-80.2382978440587, 25.7511896687755], [-80.2383128005875, 25.7517620228286], [-80.2383131830583, 25.7518806766287], [-80.238358933724, 25.7525670287171], [-80.2383900484804, 25.7533449574375], [-80.2384204145719, 25.7540618371649], [-80.2384504287506, 25.7550124060482], [-80.2384960086444, 25.75590424713], [-80.2385120824266, 25.7563017256437], [-80.238527070547, 25.7568694380052], [-80.238557358744, 25.7577771903764], [-80.2365427308729, 25.7578761762118], [-80.2344980091534, 25.7579297518206], [-80.2325146856856, 25.7580027090494], [-80.2304386513229, 25.7580821998244], [-80.2283643773653, 25.7581241829337], [-80.2278755890598, 25.7581250305356], [-80.2270975249802, 25.7581659553072], [-80.2263497471087, 25.7581631867068], [-80.2244123995306, 25.7582318077329], [-80.2223516245635, 25.7582999142888]]]}}, {"type": "Feature", "properties": {"name": "Brickell Residential District", "label": "Brickell Residential District"}, "geometry": {"type": "Polygon", "coordinates": [[[-80.1950954494902, 25.7562755510376], [-80.1931486557187, 25.7576608060982], [-80.1928400538725, 25.7579179760589], [-80.19065039712, 25.7566611973034], [-80.1906190380852, 25.7566652356477], [-80.190785914969, 25.7566144043157], [-80.1908489230301, 25.7566195692567], [-80.1908997427103, 25.756293907707], [-80.1913515891735, 25.7560545614995], [-80.1915889095192, 25.7563407257142], [-80.1916084488442, 25.7563435854904], [-80.1916940554709, 25.7562923875774], [-80.1918421512805, 25.7561826411567], [-80.1920973849563, 25.7561230997961], [-80.1923731831471, 25.7560269584891], [-80.1926628700991, 25.7558986518326], [-80.1928854977682, 25.7558026443481], [-80.1931128566307, 25.7557371850199], [-80.193428218586, 25.7554902833053], [-80.1936307522947, 25.7553608897593], [-80.1937847817592, 25.7552719811982], [-80.1939318763536, 25.7551975649745], [-80.1940089031903, 25.7551794193266], [-80.1942316300082, 25.7550683648661], [-80.1944642273697, 25.7549296794095], [-80.1946948170629, 25.754750744016], [-80.1947570413301, 25.7546749972586], [-80.1948499720259, 25.7546073302256], [-80.1949604247376, 25.7545600507438], [-80.1946204522887, 25.7541772863622], [-80.1969225322688, 25.7528352389044], [-80.1975594339363, 25.7522086143654], [-80.1979140028504, 25.7526802681316], [-80.1983578872636, 25.7522652011409], [-80.1979906748092, 25.7518100722587], [-80.1984108467891, 25.7514192920674], [-80.1987397211036, 25.7518436866321], [-80.1987597727179, 25.7517701133627], [-80.1987615114647, 25.7517373656334], [-80.198792284276, 25.7517072698909], [-80.1988307053664, 25.7516410207186], [-80.1989018274814, 25.7515685019881], [-80.1989189929454, 25.7515288742516], [-80.1989613355353, 25.7514723609731], [-80.1990388035088, 25.7514162133059], [-80.1991199175012, 25.7513544115685], [-80.1988418858587, 25.7510499795226], [-80.2010789775534, 25.7489054962065], [-80.2011712319819, 25.7490511346669], [-80.2013294614414, 25.7489284508766], [-80.2015353364205, 25.7487793754882], [-80.2018404140872, 25.7486170862073], [-80.2018627800946, 25.7485377643789], [-80.2019371652168, 25.7484595021144], [-80.2019857081666, 25.7484124789769], [-80.2019794131866, 25.7483600842068], [-80.201958984422, 25.7483199918866], [-80.2019403153049, 25.7483007162935], [-80.2019234807247, 25.7482627071335], [-80.2019091292691, 25.7482225623601], [-80.2019177849649, 25.7481774716609], [-80.2019494162679, 25.7481607924523], [-80.2038873096344, 25.7503777861031], [-80.2030056646572, 25.7509237421496], [-80.2015616386361, 25.7519156758349], [-80.1967903513059, 25.7551530056268], [-80.1961415226414, 25.7556021863754], [-80.1950954494902, 25.7562755510376]]]}}, {"type": "Feature", "properties": {"name": "Parkdale South", "label": "Parkdale South"}, "geometry": {"type": "Polygon", "coordinates": [[[-80.238557358744, 25.7577771903764], [-80.238527070547, 25.7568694380052], [-80.2385120824266, 25.7563017256437], [-80.2384960086444, 25.75590424713], [-80.2384504287506, 25.7550124060482], [-80.2384204145719, 25.7540618371649], [-80.2383900484804, 25.7533449574375], [-80.238358933724, 25.7525670287171], [-80.2383131830583, 25.7518806766287], [-80.2383128005875, 25.7517620228286], [-80.2382978440587, 25.7511896687755], [-80.2382827865097, 25.7508116259416], [-80.2382541098668, 25.7504254294361], [-80.2390534382891, 25.7503764736555], [-80.2407813649781, 25.7502546326927], [-80.2425092038294, 25.7502060251395], [-80.2433347252098, 25.7501583852923], [-80.2438992954341, 25.7501793737566], [-80.2453630701408, 25.7500910141284], [-80.2465535979472, 25.7500340703778], [-80.2465633980389, 25.7509481655354], [-80.2465598267851, 25.7515140625296], [-80.2465578034902, 25.7518347536033], [-80.2465549459436, 25.7522875058065], [-80.2466124156447, 25.7530801002074], [-80.246670600769, 25.7537595507234], [-80.2466647671904, 25.7546838819451], [-80.2467629903007, 25.7556087514237], [-80.2467153338394, 25.7565706974028], [-80.2468425586048, 25.7575640696513], [-80.2447983227223, 25.7576019726446], [-80.2427224644823, 25.7576555015177], [-80.2405710309122, 25.757708607449], [-80.238557358744, 25.7577771903764]]]}}, {"type": "Feature", "properties": {"name": "Coral Gate", "label": "Coral Gate"}, "geometry": {"type": "Polygon", "coordinates": [[[-80.2468425586048, 25.7575640696513], [-80.2467153338394, 25.7565706974028], [-80.2467629903007, 25.7556087514237], [-80.2466647671904, 25.7546838819451], [-80.246670600769, 25.7537595507234], [-80.2466124156447, 25.7530801002074], [-80.2465549459436, 25.7522875058065], [-80.2465578034902, 25.7518347536033], [-80.2465598267851, 25.7515140625296], [-80.2465633980389, 25.7509481655354], [-80.2465535979472, 25.7500340703778], [-80.2486440272666, 25.7499974105576], [-80.249727380004, 25.7499533004053], [-80.2521684175322, 25.7498382685599], [-80.2546414117946, 25.7497742594436], [-80.2546304386637, 25.7503758874411], [-80.254610417105, 25.7515755388793], [-80.254641116213, 25.7524368643697], [-80.2547168108188, 25.7532691874083], [-80.2547471828026, 25.7540006822361], [-80.2548231838372, 25.7552099387591], [-80.2548844995815, 25.7559732327173], [-80.2548689649351, 25.7564541205038], [-80.254868892643, 25.7566482607297], [-80.2548693785739, 25.7571787549236], [-80.2528550961509, 25.7572282691594], [-80.2507770317583, 25.757274332053], [-80.2504602584305, 25.7573104462605], [-80.2468425586048, 25.7575640696513]]]}}, {"type": "Feature", "properties": {"name": "Silver Bluff", "label": "Silver Bluff"}, "geometry": {"type": "Polygon", "coordinates": [[[-80.221984971729, 25.7508654332098], [-80.2219596613944, 25.7503786576199], [-80.2219395821234, 25.7500219096943], [-80.2219094875821, 25.7492790617081], [-80.2218784791581, 25.7488512369819], [-80.2218785855486, 25.748485482713], [-80.2218501381696, 25.7476647476716], [-80.2218027919302, 25.7467140823557], [-80.2217411104885, 25.746214902785], [-80.2217547780635, 25.7458367533592], [-80.2243674443009, 25.744811291055], [-80.2258327405371, 25.7443042437955], [-80.2298606672052, 25.7427714399442], [-80.2318895455274, 25.7420122958175], [-80.2338579170094, 25.7413284664627], [-80.2357345549298, 25.7406160993446], [-80.2367574138779, 25.7402804684972], [-80.2377791147994, 25.7398873898241], [-80.2378407659141, 25.7402230317477], [-80.2378246829206, 25.7407794059973], [-80.2379005411084, 25.7417448350253], [-80.2379016866308, 25.7419818001065], [-80.2378707211172, 25.7425494445975], [-80.2379315622438, 25.7433691461451], [-80.2379926834896, 25.7443233200838], [-80.2380556358034, 25.7452288383822], [-80.2380551035318, 25.7454907287449], [-80.2380859388344, 25.7461331549137], [-80.2380861271819, 25.7462820721527], [-80.2381012532278, 25.7466489388461], [-80.2381155435678, 25.747146832995], [-80.2381314985407, 25.7475623681541], [-80.2381618149658, 25.7481076355018], [-80.2381926884139, 25.748506224498], [-80.238192543647, 25.7487669126301], [-80.2382240794561, 25.749478298115], [-80.2382541098668, 25.7504254294361], [-80.2382185980197, 25.7504261038965], [-80.2362434141294, 25.7504633898458], [-80.2342390136236, 25.7505262888006], [-80.232209803069, 25.7505494793368], [-80.230165089272, 25.750621052203], [-80.2280748926209, 25.7506787693025], [-80.2260750809974, 25.7507359059354], [-80.2240307144325, 25.7508118643234], [-80.221984971729, 25.7508654332098]]]}}, {"type": "Feature", "properties": {"name": "Douglas Park", "label": "Douglas Park"}, "geometry": {"type": "Polygon", "coordinates": [[[-80.2382541098668, 25.7504254294361], [-80.2382240794561, 25.749478298115], [-80.238192543647, 25.7487669126301], [-80.2381926884139, 25.748506224498], [-80.2381618149658, 25.7481076355018], [-80.2381314985407, 25.7475623681541], [-80.2381155435678, 25.747146832995], [-80.2381012532278, 25.7466489388461], [-80.2380861271819, 25.7462820721527], [-80.2380859388344, 25.7461331549137], [-80.2380551035318, 25.7454907287449], [-80.2380556358034, 25.7452288383822], [-80.2379926834896, 25.7443233200838], [-80.2379315622438, 25.7433691461451], [-80.2378707211172, 25.7425494445975], [-80.2379016866308, 25.7419818001065], [-80.2379005411084, 25.7417448350253], [-80.2378246829206, 25.7407794059973], [-80.2378407659141, 25.7402230317477], [-80.2377791147994, 25.7398873898241], [-80.2410595042065, 25.7387047627494], [-80.241945349355, 25.7383537650132], [-80.2429370210502, 25.7379604931924], [-80.243791526193, 25.7376399294593], [-80.2459885439706, 25.7368656371213], [-80.2476666680787, 25.7361790834132], [-80.2488920122234, 25.7357565409323], [-80.250795074177, 25.735100345548], [-80.2512530225157, 25.7347945499446], [-80.2520004311155, 25.7342869849942], [-80.2527794204205, 25.7336464812989], [-80.2532678971337, 25.7332539968008], [-80.2539242140599, 25.7325552516854], [-80.2547780792606, 25.7318993001198], [-80.2550986427633, 25.7316402493583], [-80.2558917942913, 25.7311590359067], [-80.2559388888606, 25.7318273377767], [-80.2559528179431, 25.7321513802838], [-80.2569601150069, 25.7320978858932], [-80.2578600532818, 25.732029048437], [-80.2579369696784, 25.7330938685427], [-80.2580131397546, 25.7348900271767], [-80.2581348984643, 25.7367440246185], [-80.2582262584688, 25.7385406036217], [-80.2562504436186, 25.7385916561084], [-80.256243028287, 25.7389591807242], [-80.2562798378419, 25.7397247589519], [-80.2563394753269, 25.7404834029533], [-80.2563282099954, 25.7422914948099], [-80.2543510241676, 25.7424000337697], [-80.2544222974581, 25.7432394726595], [-80.254442110843, 25.7444141394549], [-80.2545046097939, 25.7449256936498], [-80.2545040276717, 25.7452620423097], [-80.2545347996735, 25.745685562624], [-80.2545361160624, 25.7460827946668], [-80.2545676210912, 25.7464497443676], [-80.2546005226859, 25.7469578792713], [-80.2545911238157, 25.7472162857328], [-80.2546226719783, 25.7479715190378], [-80.2546450880444, 25.7489122484675], [-80.2546414117946, 25.7497742594436], [-80.2521684175322, 25.7498382685599], [-80.249727380004, 25.7499533004053], [-80.2486440272666, 25.7499974105576], [-80.2465535979472, 25.7500340703778], [-80.2453630701408, 25.7500910141284], [-80.2438992954341, 25.7501793737566], [-80.2433347252098, 25.7501583852923], [-80.2425092038294, 25.7502060251395], [-80.2407813649781, 25.7502546326927], [-80.2390534382891, 25.7503764736555], [-80.2382541098668, 25.7504254294361]]]}}, {"type": "Feature", "properties": {"name": "Vizcaya", "label": "Vizcaya"}, "geometry": {"type": "Polygon", "coordinates": [[[-80.2127837692547, 25.7490766288653], [-80.2113882826061, 25.749375764536], [-80.2108591500553, 25.7487065622264], [-80.2106436168213, 25.7485090186485], [-80.2099226349904, 25.7476803135887], [-80.2082705750961, 25.7457558196371], [-80.208293059, 25.7457152736228], [-80.2084194130103, 25.745673314498], [-80.2084525976959, 25.7456510548474], [-80.2085277399498, 25.7455436455363], [-80.2085995163284, 25.7454855696874], [-80.2086672812775, 25.745402624602], [-80.2087270779283, 25.7453473215417], [-80.2087828691317, 25.7452659442457], [-80.2088384855519, 25.7451825034081], [-80.2088016386411, 25.7451556496167], [-80.2088306583832, 25.745102930599], [-80.2088838134066, 25.7450183579784], [-80.2089583119095, 25.744921950104], [-80.2090055415106, 25.7448146470669], [-80.2090893597175, 25.7446870804109], [-80.2091835211312, 25.7445459839919], [-80.2091737813255, 25.7444970956178], [-80.209175860525, 25.7444412207758], [-80.2092213626566, 25.7444227241967], [-80.2092779106528, 25.7444277602384], [-80.2093513603882, 25.7444035688495], [-80.2094173352943, 25.7443326505811], [-80.2094545799098, 25.7442707762027], [-80.2094989570467, 25.7442785831403], [-80.209557805496, 25.7442802781918], [-80.2096017163206, 25.7443013227246], [-80.2096722746669, 25.7443123669018], [-80.2097274840519, 25.7442901407103], [-80.2097731168553, 25.7442518692781], [-80.209838654262, 25.7442182633331], [-80.2099551415443, 25.7441462432064], [-80.2099893588136, 25.744168783094], [-80.2100946335093, 25.7440982500861], [-80.2100606999773, 25.744061438965], [-80.210126886869, 25.7440157985878], [-80.2102080185883, 25.7439496911612], [-80.2103267632414, 25.743880778175], [-80.210445981375, 25.7438263119586], [-80.2104460890663, 25.7437527144763], [-80.2103627483428, 25.7436360194952], [-80.2103350929996, 25.7435112858568], [-80.2103565661857, 25.7434511310279], [-80.2103032477116, 25.7434173109709], [-80.2102450038975, 25.7433816570696], [-80.210202876927, 25.7432344906526], [-80.2101633557134, 25.7431814853904], [-80.2102036213597, 25.743064600358], [-80.2102571972858, 25.7429448646842], [-80.2103036223848, 25.7428727224805], [-80.2103208337169, 25.7427392903792], [-80.2103368116479, 25.7426487548366], [-80.2103850869804, 25.7426125618912], [-80.2104071128552, 25.7424975556196], [-80.2104422420035, 25.7423535593564], [-80.2104448427225, 25.7422186723742], [-80.2104078995969, 25.742149000965], [-80.210325659446, 25.7420957641498], [-80.2103075138101, 25.7420548259856], [-80.2102663776007, 25.742016256299], [-80.2102030150966, 25.7419796295511], [-80.2102187400791, 25.7419273535334], [-80.2102601696813, 25.7414048264192], [-80.2105687327435, 25.7407969948254], [-80.2121323152541, 25.7397537655627], [-80.2142609900182, 25.7383212471834], [-80.2158425638965, 25.7387783220544], [-80.2165748445793, 25.7395907230443], [-80.2166440438482, 25.739577080555], [-80.2166421889234, 25.7398598551047], [-80.2180944893516, 25.7415644550765], [-80.2185841102796, 25.741774034081], [-80.2185196163067, 25.7418226960369], [-80.2183695115171, 25.7418975522263], [-80.216845916462, 25.7429560233927], [-80.2157152289702, 25.7437399137748], [-80.2126629300951, 25.7458646641321], [-80.2115992663453, 25.7465830240181], [-80.2134680154251, 25.7488283218688], [-80.2127837692547, 25.7490766288653]]]}}, {"type": "Feature", "properties": {"name": "Bay Heights", "label": "Bay Heights"}, "geometry": {"type": "Polygon", "coordinates": [[[-80.2115992663453, 25.7465830240181], [-80.2126629300951, 25.7458646641321], [-80.2157152289702, 25.7437399137748], [-80.216845916462, 25.7429560233927], [-80.2176533523609, 25.7439231549846], [-80.2180650355161, 25.7444378006728], [-80.2185384510072, 25.7450363480823], [-80.2189807035336, 25.7456391977299], [-80.2194237368067, 25.7461233995926], [-80.2197437273484, 25.7465507099379], [-80.2134680154251, 25.7488283218688], [-80.2115992663453, 25.7465830240181]]]}}, {"type": "Feature", "properties": {"name": "East Grove", "label": "East Grove"}, "geometry": {"type": "Polygon", "coordinates": [[[-80.2197437273484, 25.7465507099379], [-80.2194237368067, 25.7461233995926], [-80.2189807035336, 25.7456391977299], [-80.2185384510072, 25.7450363480823], [-80.2180650355161, 25.7444378006728], [-80.2176533523609, 25.7439231549846], [-80.216845916462, 25.7429560233927], [-80.2183695115171, 25.7418975522263], [-80.2185196163067, 25.7418226960369], [-80.2185841102796, 25.741774034081], [-80.2190103861618, 25.741450631662], [-80.2198339408799, 25.7409403742131], [-80.2203220927949, 25.7406190187785], [-80.2210697829653, 25.7402110072651], [-80.2215427369215, 25.7399483763], [-80.2224281753536, 25.7394948370158], [-80.2231758593148, 25.7390856110975], [-80.2236335133772, 25.7388387115381], [-80.2240613880745, 25.7386162411916], [-80.2244729987229, 25.7383837103901], [-80.2250829124947, 25.7380788066891], [-80.2253942536809, 25.7379078165021], [-80.2255405889567, 25.7378272587095], [-80.2263885516498, 25.7374096062955], [-80.2270521321179, 25.7370836565178], [-80.227342416818, 25.7369383438044], [-80.228151089832, 25.7363703529759], [-80.2292489150014, 25.7355951304516], [-80.2296611100468, 25.7360340851864], [-80.2297075850673, 25.7375412028237], [-80.2297377812954, 25.7384522261826], [-80.2297532876945, 25.739521202111], [-80.229783698555, 25.7402224375522], [-80.2298133382795, 25.7410431800061], [-80.2298185922904, 25.7411706289443], [-80.2298447699248, 25.7419394212137], [-80.2298447921977, 25.7423479945474], [-80.2298606672052, 25.7427714399442], [-80.2258327405371, 25.7443042437955], [-80.2243674443009, 25.744811291055], [-80.2217547780635, 25.7458367533592], [-80.2216039638644, 25.7458743807001], [-80.2197437273484, 25.7465507099379]]]}}, {"type": "Feature", "properties": {"name": "North Grove", "label": "North Grove"}, "geometry": {"type": "Polygon", "coordinates": [[[-80.2298606672052, 25.7427714399442], [-80.2298447921977, 25.7423479945474], [-80.2298447699248, 25.7419394212137], [-80.2298185922904, 25.7411706289443], [-80.2298133382795, 25.7410431800061], [-80.229783698555, 25.7402224375522], [-80.2297532876945, 25.739521202111], [-80.2297377812954, 25.7384522261826], [-80.2297075850673, 25.7375412028237], [-80.2304851151, 25.7369730342701], [-80.231294440883, 25.7363013379384], [-80.231538583808, 25.7361265405881], [-80.2320869611355, 25.735702631266], [-80.2326970458241, 25.7352477477894], [-80.2328962065597, 25.7350997087947], [-80.2338117118274, 25.7343865994511], [-80.2342388067982, 25.7340435521718], [-80.2346972373688, 25.7336690272347], [-80.2349865615633, 25.7336117366755], [-80.235765487371, 25.7330548952271], [-80.2365436164341, 25.7323840364784], [-80.2375040836503, 25.7316394984442], [-80.2375508302619, 25.7329411268068], [-80.2375804164083, 25.7337190513843], [-80.2375811997688, 25.734012589091], [-80.2376114479103, 25.7355194499188], [-80.2376270403516, 25.735813065058], [-80.2376413429211, 25.7363087250003], [-80.2376414851537, 25.7368810044588], [-80.2376877612082, 25.7376024417276], [-80.237688091003, 25.7377886740493], [-80.237687140022, 25.7379375854851], [-80.2377178787279, 25.7387731215592], [-80.2377793606055, 25.7392542399129], [-80.2377791147994, 25.7398873898241], [-80.2367574138779, 25.7402804684972], [-80.2357345549298, 25.7406160993446], [-80.2338579170094, 25.7413284664627], [-80.2318895455274, 25.7420122958175], [-80.2298606672052, 25.7427714399442]]]}}, {"type": "Feature", "properties": {"name": "Fair Isle", "label": "Fair Isle"}, "geometry": {"type": "Polygon", "coordinates": [[[-80.2185841102796, 25.741774034081], [-80.2180944893516, 25.7415644550765], [-80.2166421889234, 25.7398598551047], [-80.2166440438482, 25.739577080555], [-80.2166668598645, 25.7395722160753], [-80.2168293712584, 25.7395448891204], [-80.2169200570065, 25.7395263748413], [-80.2170615402802, 25.7395209449755], [-80.2172681299807, 25.7395179283246], [-80.2173921772011, 25.7395077620719], [-80.2175355026683, 25.7395109394562], [-80.2177092287781, 25.7395105826893], [-80.2178529551715, 25.7395685306666], [-80.2179905114448, 25.7395829390851], [-80.2181578231783, 25.7395763578238], [-80.2183313131236, 25.7395540743961], [-80.2184335267595, 25.7395437891831], [-80.2185409686766, 25.7395179701284], [-80.2186434397699, 25.7394683077042], [-80.2187786047645, 25.7394128025383], [-80.22013151982, 25.7384313791738], [-80.2204509987808, 25.738847078067], [-80.2207208184996, 25.7392794489873], [-80.2208821252063, 25.7395238047974], [-80.2207839160971, 25.7395897412619], [-80.220880680603, 25.739745192908], [-80.2228265482738, 25.7387593486013], [-80.2227299268184, 25.7385816294745], [-80.221013085722, 25.7394433409273], [-80.2205636321192, 25.7387819925752], [-80.2202761291243, 25.7384122054826], [-80.220293834406, 25.7383756740009], [-80.2203059924338, 25.7383455596082], [-80.2203153453831, 25.738308811008], [-80.2203374799792, 25.7382627585212], [-80.2203803264184, 25.7381850911592], [-80.2204088796693, 25.7381156002908], [-80.2204436772544, 25.7380492389509], [-80.220477625884, 25.7379675684889], [-80.2205048884845, 25.7379212861568], [-80.2205559291562, 25.737838846903], [-80.220625363268, 25.737759946073], [-80.2206781951861, 25.737693938417], [-80.2207266353653, 25.7376028016119], [-80.2207755218593, 25.7375303251222], [-80.2208257247211, 25.737460004885], [-80.2208577266436, 25.7374146929128], [-80.22093522927, 25.7373212183327], [-80.2210029999928, 25.7372644045846], [-80.2211124820475, 25.7371872648211], [-80.2212022572094, 25.7371042588478], [-80.2212647673766, 25.737038905681], [-80.2213572035644, 25.7369844585993], [-80.2214514064958, 25.7369211658204], [-80.2215103473744, 25.7368790928859], [-80.2217113254562, 25.736775100073], [-80.224745195372, 25.7352061653104], [-80.2248267481963, 25.7351608579428], [-80.2249032665772, 25.7351598894374], [-80.2249277354702, 25.7351633730042], [-80.2249644738366, 25.7351485220402], [-80.2250020563246, 25.7351206068585], [-80.2250322620617, 25.735088525467], [-80.2250829845202, 25.7350544897278], [-80.2251043319966, 25.7350415345826], [-80.2251589786881, 25.7350172350106], [-80.225256313568, 25.734968056788], [-80.2253682569585, 25.7349205033367], [-80.2254135337382, 25.7349064712376], [-80.2254458965387, 25.7348930591918], [-80.2255130329059, 25.7348748448212], [-80.2255837596244, 25.7348300815358], [-80.2256440135343, 25.7347901630842], [-80.2257352568305, 25.7347434452983], [-80.2257994079215, 25.7346878998943], [-80.225873738203, 25.7346143526581], [-80.2259208670295, 25.7345782340418], [-80.2259781423404, 25.7345582474878], [-80.2260429611743, 25.7345169774662], [-80.2261094442018, 25.7344823372618], [-80.2261962632506, 25.7344445383213], [-80.2262591312944, 25.7344111678427], [-80.2263029313239, 25.7343905932662], [-80.2263726982821, 25.7343766918284], [-80.2264263842609, 25.7343832531055], [-80.2264759615733, 25.7344087086778], [-80.2265134106886, 25.734459979085], [-80.2265342692082, 25.7344932770075], [-80.2265629921177, 25.7345140652015], [-80.2266260428956, 25.7346283218709], [-80.2265786098665, 25.7343599007724], [-80.2266230663296, 25.7342378742718], [-80.2268305326325, 25.7341273751944], [-80.2269321325275, 25.7341231853427], [-80.2270650240985, 25.7340654243188], [-80.2271904609662, 25.7340155336314], [-80.2272291337289, 25.7339364663105], [-80.2275125262119, 25.7338575784234], [-80.2276907326603, 25.733897213961], [-80.2278324841336, 25.7341134293165], [-80.2279608780549, 25.7343695543486], [-80.2279999751916, 25.7344890146098], [-80.2280762457242, 25.73467324269], [-80.228210504986, 25.734815131807], [-80.2282713886687, 25.734971248882], [-80.2283443253784, 25.7350545192542], [-80.2283727090269, 25.7350691139584], [-80.2285344371713, 25.735161796268], [-80.2284860214477, 25.7347508171016], [-80.2283616300596, 25.7345800908797], [-80.2282047389324, 25.7344147816467], [-80.2280803037305, 25.7342804249203], [-80.2280136375143, 25.7341671805325], [-80.2279335403361, 25.7340170662094], [-80.2278596359924, 25.7339073949337], [-80.2278667129322, 25.7337524981312], [-80.2279525823584, 25.7336852013902], [-80.2284468876819, 25.7341079143505], [-80.2284446033254, 25.7344614487792], [-80.2292489150014, 25.7355951304516], [-80.228151089832, 25.7363703529759], [-80.227342416818, 25.7369383438044], [-80.2270521321179, 25.7370836565178], [-80.2263885516498, 25.7374096062955], [-80.2255405889567, 25.7378272587095], [-80.2253942536809, 25.7379078165021], [-80.2250829124947, 25.7380788066891], [-80.2244729987229, 25.7383837103901], [-80.2240613880745, 25.7386162411916], [-80.2236335133772, 25.7388387115381], [-80.2231758593148, 25.7390856110975], [-80.2224281753536, 25.7394948370158], [-80.2215427369215, 25.7399483763], [-80.2210697829653, 25.7402110072651], [-80.2203220927949, 25.7406190187785], [-80.2198339408799, 25.7409403742131], [-80.2190103861618, 25.741450631662], [-80.2185841102796, 25.741774034081]]]}}, {"type": "Feature", "properties": {"name": "Bird Grove East", "label": "Bird Grove East"}, "geometry": {"type": "Polygon", "coordinates": [[[-80.2377791147994, 25.7398873898241], [-80.2377793606055, 25.7392542399129], [-80.2377178787279, 25.7387731215592], [-80.237687140022, 25.7379375854851], [-80.237688091003, 25.7377886740493], [-80.2376877612082, 25.7376024417276], [-80.2376414851537, 25.7368810044588], [-80.2376413429211, 25.7363087250003], [-80.2376270403516, 25.735813065058], [-80.2376114479103, 25.7355194499188], [-80.2375811997688, 25.734012589091], [-80.2375804164083, 25.7337190513843], [-80.2375508302619, 25.7329411268068], [-80.2375040836503, 25.7316394984442], [-80.2389695452567, 25.7304768077899], [-80.2395954689656, 25.7300307471676], [-80.2405714638752, 25.7300031649022], [-80.2415934866284, 25.7299622315262], [-80.2425396793457, 25.7299038725541], [-80.2436391636706, 25.7298621233336], [-80.2436081959283, 25.7289963211752], [-80.2435620209035, 25.7280738646977], [-80.2437761660253, 25.7280739445368], [-80.2445241876051, 25.7280088686907], [-80.2452262455666, 25.7279469909483], [-80.2455915016008, 25.7279478508037], [-80.2468429450511, 25.7278900110456], [-80.2468738116166, 25.7285346736749], [-80.246888836096, 25.729283117445], [-80.2468236410473, 25.7299275415659], [-80.2468131400928, 25.7306291666348], [-80.2469128775356, 25.7310100551698], [-80.2469535656534, 25.7313015645991], [-80.2470490787513, 25.7315696263637], [-80.246728500307, 25.7315870569323], [-80.2457438890829, 25.7315943437921], [-80.245835817788, 25.7334516337308], [-80.2458811294056, 25.7343333294993], [-80.2459313871558, 25.7352738618922], [-80.2459491924901, 25.7358214708183], [-80.2459582291801, 25.7361341391602], [-80.2459885439706, 25.7368656371213], [-80.243791526193, 25.7376399294593], [-80.2429370210502, 25.7379604931924], [-80.241945349355, 25.7383537650132], [-80.2410595042065, 25.7387047627494], [-80.2377791147994, 25.7398873898241]]]}}, {"type": "Feature", "properties": {"name": "Grove Center", "label": "Grove Center"}, "geometry": {"type": "Polygon", "coordinates": [[[-80.2297075850673, 25.7375412028237], [-80.2296611100468, 25.7360340851864], [-80.2292489150014, 25.7355951304516], [-80.2284446033254, 25.7344614487792], [-80.2284468876819, 25.7341079143505], [-80.2279525823584, 25.7336852013902], [-80.2280109726855, 25.7336395121813], [-80.228219652768, 25.7335760469829], [-80.2285201787321, 25.7335778102572], [-80.2287333386212, 25.7336436812786], [-80.2288664954766, 25.7337504848021], [-80.2290230635723, 25.7339070222882], [-80.2292564899477, 25.7340392035891], [-80.2294751710178, 25.7342794686514], [-80.2295976152536, 25.7342812337158], [-80.2297269095314, 25.7341630939661], [-80.229796919503, 25.734081869983], [-80.2297869046402, 25.7339273981026], [-80.2297794820817, 25.7338124908717], [-80.2298790313203, 25.7335667724181], [-80.2299139620342, 25.7334493368601], [-80.2300236645362, 25.7333954926255], [-80.2300719622895, 25.7333544773635], [-80.2301130588735, 25.7332818697427], [-80.230132235104, 25.7331638363493], [-80.2296884691125, 25.7326758793792], [-80.2302064235121, 25.7323755399355], [-80.2308020386858, 25.73204327986], [-80.2314906596409, 25.7315960386798], [-80.2318409853072, 25.7319715524119], [-80.2319850509811, 25.7318583889636], [-80.2318461823533, 25.7317243889598], [-80.2319555242916, 25.7316671870272], [-80.2322415804774, 25.731999715702], [-80.2323133666018, 25.7319370711303], [-80.2324150539163, 25.7319779305656], [-80.2325446730241, 25.7318673568999], [-80.2326922278561, 25.7320087956921], [-80.2328247782619, 25.7319147441655], [-80.233161341365, 25.7317736185518], [-80.2332452972512, 25.7315009044805], [-80.2330191464231, 25.7311818484778], [-80.2331616545156, 25.7311039272264], [-80.2332129722562, 25.7311835565422], [-80.2333609018241, 25.7311186465961], [-80.233454703387, 25.7308203612423], [-80.2332316643481, 25.7303420889496], [-80.2333058238486, 25.7300278802493], [-80.2335196345155, 25.7300509299387], [-80.2335330184781, 25.7299473956389], [-80.2333743662635, 25.7299083856071], [-80.2334103830166, 25.729828184134], [-80.2335316628647, 25.7298332073193], [-80.2335441828439, 25.7297756671676], [-80.2331715936996, 25.7296742289314], [-80.2331467613483, 25.7300526651703], [-80.2327879014914, 25.7291734428632], [-80.2327672821412, 25.7291027444006], [-80.2327880100203, 25.7290383692578], [-80.2328713071674, 25.7289567839495], [-80.2335037508352, 25.7286210088417], [-80.2337326783638, 25.7288026838015], [-80.2338967821944, 25.7286426799035], [-80.2330740217872, 25.72786909388], [-80.2331522770175, 25.7277151723688], [-80.2332366365163, 25.7275566405452], [-80.2333511302854, 25.7274060057347], [-80.2335337625123, 25.7272576194393], [-80.2337772552414, 25.7271215908451], [-80.2339049749747, 25.7270693854137], [-80.2343888184001, 25.7274944308676], [-80.2358309046632, 25.7261244383671], [-80.2369888033774, 25.7271562404104], [-80.2371446663702, 25.727542502975], [-80.2376666353926, 25.7274693146361], [-80.2376746701286, 25.7275192242206], [-80.2377072386776, 25.7275027152272], [-80.237749866755, 25.7274866018629], [-80.2377894899099, 25.7274652283022], [-80.2378787768729, 25.7274261443119], [-80.2379697505115, 25.7273902509696], [-80.2380566523084, 25.7273380856563], [-80.2381353791533, 25.727287683772], [-80.2382166531688, 25.727224913348], [-80.2382963429843, 25.7271425323902], [-80.2383739159938, 25.727064696056], [-80.2384471693257, 25.7269794433976], [-80.2385253452234, 25.7268665308806], [-80.2385715588775, 25.7267644574566], [-80.2386098646048, 25.7266816867399], [-80.2386462931943, 25.7265957261249], [-80.2387140873693, 25.7265032225955], [-80.238752815273, 25.7264137481646], [-80.2387790512165, 25.7263482824589], [-80.2387748083558, 25.7262990805584], [-80.2387678285446, 25.726232581992], [-80.238759630544, 25.7261486231874], [-80.2387737959098, 25.7261004625402], [-80.2392924442145, 25.7254446537688], [-80.2402572838746, 25.7263591783846], [-80.2421403012975, 25.7280690566777], [-80.2429895372437, 25.7274607810887], [-80.2438056508007, 25.7267451977503], [-80.2443849292276, 25.7260742947066], [-80.2445702093965, 25.725895042353], [-80.2451800527101, 25.7263643838336], [-80.2451793203746, 25.727081105148], [-80.2452709326894, 25.7271842395345], [-80.2468126278811, 25.7271583408076], [-80.2468429450511, 25.7278900110456], [-80.2455915016008, 25.7279478508037], [-80.2452262455666, 25.7279469909483], [-80.2445241876051, 25.7280088686907], [-80.2437761660253, 25.7280739445368], [-80.2435620209035, 25.7280738646977], [-80.2436081959283, 25.7289963211752], [-80.2436391636706, 25.7298621233336], [-80.2425396793457, 25.7299038725541], [-80.2415934866284, 25.7299622315262], [-80.2405714638752, 25.7300031649022], [-80.2395954689656, 25.7300307471676], [-80.2389695452567, 25.7304768077899], [-80.2375040836503, 25.7316394984442], [-80.2365436164341, 25.7323840364784], [-80.235765487371, 25.7330548952271], [-80.2349865615633, 25.7336117366755], [-80.2346972373688, 25.7336690272347], [-80.2342388067982, 25.7340435521718], [-80.2338117118274, 25.7343865994511], [-80.2328962065597, 25.7350997087947], [-80.2326970458241, 25.7352477477894], [-80.2320869611355, 25.735702631266], [-80.231538583808, 25.7361265405881], [-80.231294440883, 25.7363013379384], [-80.2304851151, 25.7369730342701], [-80.2297075850673, 25.7375412028237]]]}}, {"type": "Feature", "properties": {"name": "Fair Isle", "label": "Fair Isle"}, "geometry": {"type": "Polygon", "coordinates": [[[-80.2186952453446, 25.7370640954025], [-80.2185485935484, 25.7371635606631], [-80.2183799455765, 25.7372586941387], [-80.2182230841503, 25.7372935335433], [-80.2180427478522, 25.7373179293842], [-80.2178751912582, 25.7373043908174], [-80.2177038162315, 25.7372650381029], [-80.2175287370445, 25.7371825895551], [-80.2173310985306, 25.7370371693307], [-80.2171944796275, 25.7369091866452], [-80.2171143105437, 25.7367718767701], [-80.2170623607394, 25.7365872585782], [-80.2170460579563, 25.7364096235629], [-80.2170613654602, 25.7362467760823], [-80.2170788205376, 25.7361037146656], [-80.2171471046523, 25.7359108866604], [-80.2171971439138, 25.7358076369389], [-80.2172871891372, 25.7356837949852], [-80.219417981674, 25.733819679071], [-80.2195570449676, 25.7337477718401], [-80.2197415812895, 25.7336897778888], [-80.2198802125879, 25.7336548391202], [-80.2200374643074, 25.7336467393666], [-80.2202602968246, 25.7336552401268], [-80.220465162008, 25.733740424555], [-80.2206162043437, 25.733840022366], [-80.220732733759, 25.7339627357438], [-80.2208591431704, 25.7341131882192], [-80.2209411005078, 25.7342970196924], [-80.2209705418771, 25.7344694793304], [-80.2209715460001, 25.7346065353647], [-80.2209553960252, 25.734783136306], [-80.2209002745943, 25.7349674388199], [-80.2208333328952, 25.7351300973231], [-80.2207931030105, 25.7352144856237], [-80.2207166595966, 25.7353202609552], [-80.220610764188, 25.7354008587845], [-80.2186952453446, 25.7370640954025]]]}}, {"type": "Feature", "properties": {"name": "Bird Grove West", "label": "Bird Grove West"}, "geometry": {"type": "Polygon", "coordinates": [[[-80.2459885439706, 25.7368656371213], [-80.2459582291801, 25.7361341391602], [-80.2459491924901, 25.7358214708183], [-80.2459313871558, 25.7352738618922], [-80.2458811294056, 25.7343333294993], [-80.245835817788, 25.7334516337308], [-80.2457438890829, 25.7315943437921], [-80.246728500307, 25.7315870569323], [-80.2470490787513, 25.7315696263637], [-80.2476374380556, 25.7315375856953], [-80.248018731881, 25.7315259700461], [-80.2485059862261, 25.7315104281983], [-80.2494520886582, 25.7314680155984], [-80.2501390858625, 25.7314488556417], [-80.2502609920143, 25.7314450121355], [-80.2511458296973, 25.7314223953959], [-80.2515736523766, 25.7313773059432], [-80.2518789330741, 25.7313766397603], [-80.2526565288813, 25.7313806323735], [-80.2537867434251, 25.7313430083001], [-80.2537945442751, 25.7309757427857], [-80.2548091113774, 25.7309423331564], [-80.2558458744339, 25.7309115238804], [-80.2558917942913, 25.7311590359067], [-80.2550986427633, 25.7316402493583], [-80.2547780792606, 25.7318993001198], [-80.2539242140599, 25.7325552516854], [-80.2532678971337, 25.7332539968008], [-80.2527794204205, 25.7336464812989], [-80.2520004311155, 25.7342869849942], [-80.2512530225157, 25.7347945499446], [-80.250795074177, 25.735100345548], [-80.2488920122234, 25.7357565409323], [-80.2476666680787, 25.7361790834132], [-80.2459885439706, 25.7368656371213]]]}}, {"type": "Feature", "properties": {"name": "West Grove", "label": "West Grove"}, "geometry": {"type": "Polygon", "coordinates": [[[-80.2470490787513, 25.7315696263637], [-80.2469535656534, 25.7313015645991], [-80.2469128775356, 25.7310100551698], [-80.2468131400928, 25.7306291666348], [-80.2468236410473, 25.7299275415659], [-80.246888836096, 25.729283117445], [-80.2468738116166, 25.7285346736749], [-80.2468429450511, 25.7278900110456], [-80.2468126278811, 25.7271583408076], [-80.2452709326894, 25.7271842395345], [-80.2451793203746, 25.727081105148], [-80.2451800527101, 25.7263643838336], [-80.2445702093965, 25.725895042353], [-80.2447839287747, 25.7256015842011], [-80.2451801435426, 25.724968075756], [-80.2452871542712, 25.7247971863327], [-80.2471490876312, 25.7247999385897], [-80.2486892325542, 25.7247740114496], [-80.2496354147813, 25.7248918632377], [-80.2511764791434, 25.7247778750384], [-80.2534508605555, 25.7246980679724], [-80.2575822742291, 25.7245205719576], [-80.2581289398868, 25.7244703082759], [-80.2584322517165, 25.7248451771317], [-80.258611538468, 25.727493406149], [-80.2576779858524, 25.7274782471934], [-80.2557084868321, 25.7275505637557], [-80.2557546791278, 25.7281806867967], [-80.2557695557972, 25.7287790096498], [-80.255769617732, 25.7293782885286], [-80.2557702062486, 25.7300759306133], [-80.2558465636778, 25.7306181644051], [-80.2558458744339, 25.7309115238804], [-80.2548091113774, 25.7309423331564], [-80.2537945442751, 25.7309757427857], [-80.2537867434251, 25.7313430083001], [-80.2526565288813, 25.7313806323735], [-80.2518789330741, 25.7313766397603], [-80.2515736523766, 25.7313773059432], [-80.2511458296973, 25.7314223953959], [-80.2502609920143, 25.7314450121355], [-80.2501390858625, 25.7314488556417], [-80.2494520886582, 25.7314680155984], [-80.2485059862261, 25.7315104281983], [-80.248018731881, 25.7315259700461], [-80.2476374380556, 25.7315375856953], [-80.2470490787513, 25.7315696263637]]]}}, {"type": "Feature", "properties": {"name": "South Grove Bayside", "label": "South Grove Bayside"}, "geometry": {"type": "Polygon", "coordinates": [[[-80.2429895372437, 25.7274607810887], [-80.2421403012975, 25.7280690566777], [-80.2402572838746, 25.7263591783846], [-80.2392924442145, 25.7254446537688], [-80.2401237992072, 25.7243935065246], [-80.2402092883147, 25.7242942162129], [-80.2402274215039, 25.7242787479545], [-80.240252786234, 25.7242604803287], [-80.2402848411357, 25.7242648610779], [-80.2403255276899, 25.7242851059787], [-80.2406201625518, 25.7245830995029], [-80.2406501126967, 25.7245602124085], [-80.2408572854159, 25.7247303280303], [-80.2409123041317, 25.7246760171043], [-80.2407433704921, 25.7245230392658], [-80.240857929383, 25.7243900240064], [-80.2410284891602, 25.7242871351372], [-80.2412918450662, 25.7240702048208], [-80.2409921944911, 25.7237847398319], [-80.2410338553863, 25.723741278779], [-80.2413715519701, 25.7240143026729], [-80.2415069755596, 25.7239138101094], [-80.2416978728496, 25.7237469715322], [-80.2418417342882, 25.7234835043643], [-80.2422906760436, 25.7238465235695], [-80.2423670208992, 25.72378200552], [-80.2417266835702, 25.7232456020232], [-80.2416998235899, 25.7232902578], [-80.2413024871224, 25.7229324927073], [-80.2418914681551, 25.7221677600873], [-80.2423730719589, 25.7226183041381], [-80.2423566068429, 25.722640314823], [-80.2429930782201, 25.7232173640822], [-80.2430795511543, 25.7231422369001], [-80.2422673771713, 25.7224017735368], [-80.2425663843007, 25.7219203806577], [-80.2424565384362, 25.7217897224096], [-80.2428908418006, 25.7212267497486], [-80.2431303115198, 25.7214525717237], [-80.2431478475412, 25.7215610834772], [-80.2435286725818, 25.7218583146827], [-80.2436202558481, 25.7217553565804], [-80.2429334466483, 25.7211239672805], [-80.2429781790105, 25.7210748474425], [-80.2428646559646, 25.7209554338233], [-80.2430170922705, 25.7208055892514], [-80.2431512174737, 25.7209092896731], [-80.2433739338391, 25.7207228384039], [-80.243185903181, 25.7205581568628], [-80.2431967269183, 25.7205277761662], [-80.2432199779149, 25.7204833594975], [-80.2432857607864, 25.7204074368588], [-80.2433342837557, 25.7203591968198], [-80.2433859553353, 25.720353360376], [-80.2434539566085, 25.7204068486759], [-80.2434488477307, 25.7204641701631], [-80.2434232270091, 25.7205231056424], [-80.2434218307863, 25.7205637660855], [-80.2434316042858, 25.7206091287174], [-80.2434607495305, 25.72065321535], [-80.243526266422, 25.7206793490482], [-80.2436162699676, 25.7206457686435], [-80.2436895395082, 25.7205868231557], [-80.2437665059315, 25.7205135372436], [-80.2438071012904, 25.7204581194515], [-80.2438159113313, 25.7204158627465], [-80.2437846327477, 25.7203488943299], [-80.243697276003, 25.7203241954807], [-80.2436122151152, 25.7203267635137], [-80.243539469948, 25.7203329203236], [-80.2434837092449, 25.7202950575204], [-80.2434796647474, 25.720214215657], [-80.2435572527489, 25.7201626863618], [-80.2436347286638, 25.7201288685035], [-80.2437071280773, 25.720027358803], [-80.243742080147, 25.7199338220481], [-80.243800469581, 25.7198563136298], [-80.2438622918637, 25.7198662640083], [-80.2438548063988, 25.7199392217612], [-80.2438413275905, 25.719999337817], [-80.2438076955545, 25.7200642498633], [-80.2438043535286, 25.7201423878314], [-80.2438366001194, 25.7201763454496], [-80.2438686540889, 25.7201807244885], [-80.2439230626151, 25.7201922701997], [-80.24397616952, 25.7201995964083], [-80.2440506794756, 25.7201845925012], [-80.2441526585844, 25.7201183144079], [-80.2441873551722, 25.7200951081458], [-80.244219140875, 25.7200818603088], [-80.2450330097907, 25.720763769569], [-80.2450971204956, 25.7207121705368], [-80.2443324867041, 25.7200794385807], [-80.2443002465144, 25.7200444493587], [-80.2443014808126, 25.71999940292], [-80.2443280631822, 25.7199383230171], [-80.2443620590611, 25.7198458995457], [-80.2443703331152, 25.7197982231366], [-80.2443548402785, 25.7197565291162], [-80.2443286758472, 25.7196913926515], [-80.2442698326733, 25.719630730033], [-80.2441995679511, 25.7196049159655], [-80.2441363362209, 25.7196377762669], [-80.2440583142746, 25.7196979872567], [-80.243989801313, 25.7197554095559], [-80.2439164517491, 25.7197670669649], [-80.2439121208911, 25.7197015273745], [-80.243954844036, 25.7196097513521], [-80.2439960513513, 25.7195476298783], [-80.244071963946, 25.7194908471269], [-80.2441705122878, 25.7194566219438], [-80.2442399804357, 25.7194583578559], [-80.2443234726875, 25.7194636055997], [-80.2443663558878, 25.719436486265], [-80.2443999964118, 25.7194001199539], [-80.244412760321, 25.7193630424233], [-80.2444508172735, 25.719318616546], [-80.2444516957925, 25.7192096849456], [-80.2444752550262, 25.7191165185959], [-80.2445214877278, 25.7190700715903], [-80.2445677266704, 25.7189924998553], [-80.2445685969572, 25.7189449574596], [-80.2446255224429, 25.7188887638165], [-80.2448321465299, 25.7190249082789], [-80.2450584710832, 25.7188071767218], [-80.2449388426826, 25.718722640871], [-80.2449569988355, 25.7187033032892], [-80.2450016451322, 25.7186976880239], [-80.2450634137438, 25.7187160639741], [-80.2451289809633, 25.7187341156581], [-80.2451752733832, 25.7187381384829], [-80.2452588698575, 25.7186969568078], [-80.2453135746278, 25.7186614729369], [-80.2453405546961, 25.718627564162], [-80.2453570929484, 25.7185639388798], [-80.2453348987518, 25.718501230542], [-80.2453076574824, 25.718456208136], [-80.2452577321917, 25.7183961084099], [-80.2452009441238, 25.7183406155258], [-80.2451589727869, 25.7183136585446], [-80.245118253831, 25.7182985726516], [-80.2450537242829, 25.7182966045889], [-80.2450004515123, 25.7183156745235], [-80.2449522016768, 25.718381026564], [-80.2449272347211, 25.7184267245566], [-80.2448999832944, 25.718473614862], [-80.24471962976, 25.7183859262338], [-80.2446812863258, 25.7183555487681], [-80.2446802461325, 25.7182797954441], [-80.2446812490286, 25.7181812676682], [-80.2446882471443, 25.7180651455468], [-80.2446994568458, 25.7179735498635], [-80.2447103936884, 25.7178950206282], [-80.2447604891424, 25.717808010683], [-80.2448295728222, 25.717750074614], [-80.2448928894554, 25.7177337223396], [-80.2449927780836, 25.7177576269374], [-80.245083271608, 25.7178264490063], [-80.2451384753762, 25.7178321518159], [-80.2451604808686, 25.7178344150286], [-80.2458323918011, 25.718389108713], [-80.2458241629854, 25.7184295632461], [-80.2458795522814, 25.7185564972109], [-80.2459542728697, 25.7186281608649], [-80.2460337275698, 25.7186715621933], [-80.2460932460448, 25.7186553621651], [-80.2461397643827, 25.7186237035472], [-80.2461807290734, 25.7185998413832], [-80.2462268280446, 25.7185442789289], [-80.2462327240321, 25.7184823180724], [-80.2461981931782, 25.7184192887952], [-80.2461514267013, 25.7183698661663], [-80.2460928544622, 25.7183264014182], [-80.2460347954853, 25.7182916238322], [-80.2459699198845, 25.7182843232516], [-80.2459394424053, 25.7183010174035], [-80.245885125174, 25.7183051215081], [-80.2458230247065, 25.7182791780604], [-80.2451690126373, 25.717745986418], [-80.2451621987332, 25.7177128486377], [-80.2451611011995, 25.7176761298069], [-80.245152246543, 25.7176354153278], [-80.2451306348954, 25.7176009119018], [-80.2451237109373, 25.7175850559528], [-80.2451116808183, 25.7175662498284], [-80.2450904011698, 25.7175391418363], [-80.2450784671122, 25.7175051181957], [-80.2450764069017, 25.7174706293732], [-80.2450680809927, 25.7174364529142], [-80.2450542434211, 25.7173732714907], [-80.2450564286873, 25.7173278002819], [-80.2450665016798, 25.7172957817095], [-80.2450779994042, 25.7172486382571], [-80.2451111055535, 25.7171765009292], [-80.2451664403885, 25.7171313898363], [-80.2452409023199, 25.7170635078759], [-80.2452667290179, 25.7170318290276], [-80.2452991016556, 25.7169857396398], [-80.245338234027, 25.716951206848], [-80.2453783170518, 25.7169165065583], [-80.24542713439, 25.7168814218077], [-80.2454619474835, 25.7168395577487], [-80.2454856850386, 25.7168079537966], [-80.2455231365557, 25.7167691128621], [-80.2455665016366, 25.7167257458787], [-80.2455867730735, 25.71670194826], [-80.2456146143445, 25.7166819728836], [-80.2456452551956, 25.7166694923686], [-80.247091087983, 25.7174655736247], [-80.2470018476429, 25.7175894392458], [-80.2471897496026, 25.717684299616], [-80.2474374976917, 25.7172889547122], [-80.2472681118455, 25.7171778538743], [-80.2471771617857, 25.7173321477193], [-80.2457908745367, 25.7165155690472], [-80.2458214620803, 25.7164815073236], [-80.2458543285009, 25.7164472849754], [-80.2458952452772, 25.7164007242318], [-80.2459415267734, 25.7163462802816], [-80.2459899846785, 25.716307925829], [-80.2460391761686, 25.7162436100185], [-80.2460661690174, 25.7162075519078], [-80.2461049418736, 25.7161697493941], [-80.2461380517417, 25.7161571100359], [-80.2462024109007, 25.7161558948267], [-80.246279463685, 25.7161885355637], [-80.2463649263333, 25.7162121921996], [-80.2463916601441, 25.7162172309908], [-80.2464059795242, 25.7161741432329], [-80.2463941676407, 25.7161206886678], [-80.2463619428677, 25.7160531137909], [-80.2463642772901, 25.7160140910474], [-80.2464061013187, 25.7160042480044], [-80.2465054675584, 25.7160205818154], [-80.2465761745788, 25.7160059865666], [-80.2466343899649, 25.7159855668173], [-80.2467310232641, 25.7159836588483], [-80.2468500375127, 25.7159847892915], [-80.2469417745536, 25.7159766654104], [-80.2469827366331, 25.7159528887337], [-80.2471699027953, 25.7157122529315], [-80.2467419690841, 25.7154819378401], [-80.2469969532718, 25.7152030466426], [-80.247045272254, 25.7152167098494], [-80.2470253868406, 25.7152696558117], [-80.247021919171, 25.7153078133828], [-80.2470431300383, 25.7153759333054], [-80.2470819954761, 25.7154138789854], [-80.2471370754146, 25.7154390968905], [-80.2472230542386, 25.7154410032772], [-80.2472924391169, 25.7154253690986], [-80.2473324983106, 25.7154243718087], [-80.2473872749689, 25.7154073731444], [-80.2474795020569, 25.7153515320877], [-80.2475500604235, 25.7153001366646], [-80.2475926519974, 25.7152588285457], [-80.2476233944925, 25.7152300983603], [-80.2476453827113, 25.7151748406095], [-80.2476732573863, 25.715119183569], [-80.2477065025282, 25.7150849636387], [-80.2477343831021, 25.715028360623], [-80.2477714211837, 25.7149645826417], [-80.2478010862217, 25.714895951788], [-80.2478440371768, 25.7148275618952], [-80.2478703374741, 25.7147807527299], [-80.2478918707197, 25.7147374438671], [-80.2479450142554, 25.7146782198356], [-80.2479864234223, 25.7146436122897], [-80.2480394651782, 25.7146007232188], [-80.2480877713841, 25.7145560052726], [-80.2481397208238, 25.7145358098376], [-80.2481746866497, 25.7145296282122], [-80.2482001119612, 25.7145314789281], [-80.2482242345558, 25.7145291092819], [-80.2484980886445, 25.7146595772315], [-80.2485143904598, 25.7147236304186], [-80.2492251678556, 25.7151044003533], [-80.2492440946168, 25.7151737114654], [-80.2494155557677, 25.7152564472446], [-80.2494484208358, 25.7152222240497], [-80.2493658535805, 25.7151606676982], [-80.2494088926949, 25.7150782621107], [-80.2494186984762, 25.715058279766], [-80.2494052777985, 25.715019003411], [-80.2493618355841, 25.7149844739214], [-80.2486089995522, 25.7145907629828], [-80.2485265057331, 25.7146082222037], [-80.2482920053752, 25.7144681552289], [-80.2482618475231, 25.7144340378413], [-80.2482646971902, 25.7144036155864], [-80.2483022207432, 25.7143831741858], [-80.2483493134677, 25.7143805799616], [-80.2483920167428, 25.7143816595004], [-80.2484228340718, 25.7143712427839], [-80.2484542808387, 25.7143511996787], [-80.2484902102114, 25.7143427870437], [-80.2485087042348, 25.7143298993656], [-80.2485463019129, 25.7143279439548], [-80.2495770140576, 25.7148766455997], [-80.2496018080383, 25.7148882948597], [-80.2496253132727, 25.7148934888435], [-80.2496481206559, 25.7148890486999], [-80.2496669193711, 25.7148577634261], [-80.249673369289, 25.7148282190094], [-80.2496734113329, 25.7147913345347], [-80.2496559209327, 25.7147652784416], [-80.2486360530933, 25.7142126777794], [-80.2486625092323, 25.7141712861543], [-80.2487136983786, 25.7141209077976], [-80.2487701371364, 25.7140507808962], [-80.2487922869151, 25.713999823176], [-80.2488122191036, 25.7139695755975], [-80.2488678444911, 25.7139080423457], [-80.2489061957693, 25.7138465067179], [-80.2489380426998, 25.713792847617], [-80.2489663920714, 25.713722059572], [-80.2489990267185, 25.7136640193684], [-80.2490272659892, 25.7136105998201], [-80.2490600301069, 25.7135319253478], [-80.2490715123723, 25.7134869306887], [-80.2490995757433, 25.7134313609725], [-80.2491169591668, 25.7133232877902], [-80.2491393733362, 25.7132906446362], [-80.2491598619465, 25.7132321979081], [-80.249170041399, 25.71318298379], [-80.249177177467, 25.7131046069421], [-80.2491860225019, 25.71299588859], [-80.2491753108523, 25.712495344468], [-80.2487857540255, 25.7116870192225], [-80.2516852005785, 25.7115998786272], [-80.2517257751694, 25.7116073957906], [-80.2517697933144, 25.7116104588132], [-80.2518131747786, 25.7116243523462], [-80.2518731762651, 25.711651486611], [-80.2519314978673, 25.7116743128347], [-80.2519635327849, 25.7116812697843], [-80.2519918999095, 25.7116678302318], [-80.2520138452008, 25.7116492856447], [-80.2520390312758, 25.7116284351241], [-80.2520799978545, 25.7116035394809], [-80.2521145560297, 25.7115713887206], [-80.2521280577082, 25.7115370655293], [-80.2521159463092, 25.7115008922568], [-80.2520907321812, 25.7114655110963], [-80.2520694588812, 25.7114374581315], [-80.2520396818226, 25.7114032577069], [-80.2519871648188, 25.7113628349623], [-80.2519655190086, 25.711363928045], [-80.2519153162992, 25.711378544546], [-80.2518541880141, 25.7114100434763], [-80.2518019436871, 25.7114474345429], [-80.2517395076053, 25.711475659062], [-80.2516883343017, 25.7114936239036], [-80.251620892746, 25.7115026491578], [-80.2487145029109, 25.7115772002693], [-80.2487393915357, 25.7106979268492], [-80.2477825377367, 25.7096093033035], [-80.2474237894221, 25.7094276688266], [-80.2485460799579, 25.7094117905808], [-80.2528099033111, 25.7092865162148], [-80.252855344028, 25.7099730405701], [-80.2528865141687, 25.7109382385154], [-80.2529169268694, 25.7118425584905], [-80.2529424158534, 25.7125628564885], [-80.2529452840086, 25.7128935491632], [-80.2530230571452, 25.7142383288808], [-80.2530229369141, 25.7152293310904], [-80.2530691461108, 25.7156109746379], [-80.2530688322544, 25.71584346257], [-80.2530684303209, 25.7165151345303], [-80.2530693404486, 25.7169768505638], [-80.2530692176612, 25.7171787309647], [-80.2531146311589, 25.7179307707681], [-80.2529921960135, 25.7179605802536], [-80.2521841248305, 25.7184723128795], [-80.2514357787646, 25.7189640557424], [-80.2509630875813, 25.7192696054407], [-80.2503677841921, 25.719632301578], [-80.250047034277, 25.7198643430763], [-80.2497883316775, 25.7200096927382], [-80.2495130282031, 25.7203797071808], [-80.2492540379411, 25.7205702805515], [-80.2488723753819, 25.7210085296635], [-80.2486592922886, 25.721203809417], [-80.2482784386191, 25.7215731056403], [-80.2479273586805, 25.7219167608482], [-80.2474080684287, 25.7224433704085], [-80.2463239539507, 25.7236105305383], [-80.2457441719117, 25.7242745610084], [-80.2452871542712, 25.7247971863327], [-80.2451801435426, 25.724968075756], [-80.2447839287747, 25.7256015842011], [-80.2445702093965, 25.725895042353], [-80.2443849292276, 25.7260742947066], [-80.2438056508007, 25.7267451977503], [-80.2429895372437, 25.7274607810887]]]}}, {"type": "Feature", "properties": {"name": "South Grove", "label": "South Grove"}, "geometry": {"type": "Polygon", "coordinates": [[[-80.2452871542712, 25.7247971863327], [-80.2457441719117, 25.7242745610084], [-80.2463239539507, 25.7236105305383], [-80.2474080684287, 25.7224433704085], [-80.2479273586805, 25.7219167608482], [-80.2482784386191, 25.7215731056403], [-80.2486592922886, 25.721203809417], [-80.2488723753819, 25.7210085296635], [-80.2492540379411, 25.7205702805515], [-80.2495130282031, 25.7203797071808], [-80.2497883316775, 25.7200096927382], [-80.250047034277, 25.7198643430763], [-80.2503677841921, 25.719632301578], [-80.2509630875813, 25.7192696054407], [-80.2514357787646, 25.7189640557424], [-80.2521841248305, 25.7184723128795], [-80.2529921960135, 25.7179605802536], [-80.2531146311589, 25.7179307707681], [-80.2530692176612, 25.7171787309647], [-80.2530693404486, 25.7169768505638], [-80.2530684303209, 25.7165151345303], [-80.2530688322544, 25.71584346257], [-80.2530691461108, 25.7156109746379], [-80.2530229369141, 25.7152293310904], [-80.2530230571452, 25.7142383288808], [-80.2529452840086, 25.7128935491632], [-80.2529424158534, 25.7125628564885], [-80.2529169268694, 25.7118425584905], [-80.2528865141687, 25.7109382385154], [-80.252855344028, 25.7099730405701], [-80.2528099033111, 25.7092865162148], [-80.2568995122264, 25.7091832759192], [-80.2596302607679, 25.7090460236603], [-80.2610197405944, 25.7089774156468], [-80.2609885551818, 25.7094162705568], [-80.261034022587, 25.7096761604069], [-80.2610338576849, 25.71040896712], [-80.2610803937692, 25.7110794168689], [-80.2611106237757, 25.7118391172117], [-80.2611253897691, 25.7126439644951], [-80.2611719504969, 25.7134027148039], [-80.2612034587821, 25.7142012838851], [-80.2612025234836, 25.714905283084], [-80.2612324335079, 25.7152870133921], [-80.261262889491, 25.7155805315809], [-80.2612791436121, 25.7162060316599], [-80.2613249732932, 25.7164691907231], [-80.2612937437593, 25.7170378745767], [-80.2613397404727, 25.7172740366195], [-80.261385494439, 25.7181636445422], [-80.2614161396007, 25.7190407948243], [-80.2614459316983, 25.7198718550813], [-80.2614842920119, 25.7208523055983], [-80.261538298927, 25.7214512568836], [-80.2614916852647, 25.7217445557747], [-80.2615377557385, 25.7221533654284], [-80.2615682051369, 25.7228781578731], [-80.2615688008692, 25.7235802720569], [-80.2615994661599, 25.7242701575892], [-80.261652660726, 25.7248779605231], [-80.2593482356547, 25.7248432173575], [-80.2584514662198, 25.7248386547698], [-80.2584322517165, 25.7248451771317], [-80.2581289398868, 25.7244703082759], [-80.2575822742291, 25.7245205719576], [-80.2534508605555, 25.7246980679724], [-80.2511764791434, 25.7247778750384], [-80.2496354147813, 25.7248918632377], [-80.2486892325542, 25.7247740114496], [-80.2471490876312, 25.7247999385897], [-80.2452871542712, 25.7247971863327]]]}}, {"type": "Feature", "properties": {"name": "Culmer", "label": "Culmer"}, "geometry": {"type": "Polygon", "coordinates": [[[-80.205291746109, 25.7886252068584], [-80.2040244957781, 25.7886776027533], [-80.2039440126046, 25.788243316336], [-80.2037586913549, 25.7879216031947], [-80.2035939464477, 25.787618918406], [-80.2021331290867, 25.7848377735611], [-80.2020507612184, 25.7846863436528], [-80.2019065388695, 25.7844403431339], [-80.2013290242376, 25.7835505665672], [-80.2006695952531, 25.7824717019147], [-80.2003834390163, 25.7816400957457], [-80.2001397657142, 25.7806766603142], [-80.2000579997857, 25.7797001867812], [-80.2000484279969, 25.7787770721439], [-80.2000577366022, 25.7787767794117], [-80.2002111962655, 25.7787765912988], [-80.2012485392596, 25.7787234801658], [-80.2029116961749, 25.7786964902662], [-80.2045740973917, 25.7786120442262], [-80.2066350549539, 25.7785699903476], [-80.2066499789506, 25.7795240865959], [-80.2066797495392, 25.7804734489362], [-80.206726612847, 25.7813087253173], [-80.2068030749781, 25.7823769927593], [-80.2068325380485, 25.7833727818083], [-80.2068487555201, 25.7841325736009], [-80.2068336102161, 25.78435362691], [-80.2068793942939, 25.7847803293169], [-80.2069251408631, 25.7856125039276], [-80.206954890902, 25.7865653044853], [-80.2069863206661, 25.7878365772308], [-80.2070013053939, 25.7885533731416], [-80.2061009901376, 25.7886103668517], [-80.205291746109, 25.7886252068584]]]}}, {"type": "Feature", "properties": {"name": "Spring Garden", "label": "Spring Garden"}, "geometry": {"type": "Polygon", "coordinates": [[[-80.2178202743948, 25.7842731427808], [-80.2175755536944, 25.7841125944629], [-80.2169650394141, 25.7838916125771], [-80.2160794927653, 25.7839036951347], [-80.2146308938979, 25.7839295853901], [-80.214386357243, 25.7839148516624], [-80.213425122669, 25.7839412974489], [-80.2127694754054, 25.7839411901642], [-80.2120062242441, 25.7839563169977], [-80.2112729032322, 25.7839836389483], [-80.210861484152, 25.7839872543159], [-80.2104188903708, 25.7839948262462], [-80.2101296128962, 25.7840248965635], [-80.2095033154738, 25.7840668909241], [-80.2084350521734, 25.7840789656863], [-80.207702874211, 25.7841055880078], [-80.2068487555201, 25.7841325736009], [-80.2068325380485, 25.7833727818083], [-80.2068030749781, 25.7823769927593], [-80.206726612847, 25.7813087253173], [-80.2066797495392, 25.7804734489362], [-80.2066499789506, 25.7795240865959], [-80.2066350549539, 25.7785699903476], [-80.2071275057578, 25.778144846748], [-80.207870183897, 25.7784477525325], [-80.2085267152797, 25.7788538753939], [-80.2090751139158, 25.7793563920871], [-80.209440502518, 25.7797330712606], [-80.2098050651903, 25.7802347577864], [-80.2099255065475, 25.7803451201369], [-80.2103534745434, 25.7807372689331], [-80.2105350272757, 25.7811129484666], [-80.2109878095036, 25.7814584582917], [-80.2147987058173, 25.7828471636262], [-80.2184019642685, 25.7840240084907], [-80.2180177195853, 25.7841703423519], [-80.2178202743948, 25.7842731427808]]]}}, {"type": "Feature", "properties": {"name": "Little Managua", "label": "Little Managua"}, "geometry": {"type": "Polygon", "coordinates": [[[-80.2071275057578, 25.778144846748], [-80.2066474019902, 25.7779415559411], [-80.206112868212, 25.7777553345255], [-80.2057428378697, 25.777650485102], [-80.2053671755285, 25.7775641751386], [-80.2050035162372, 25.7774438826914], [-80.2046664141246, 25.7772714592672], [-80.2043546243587, 25.7770628914207], [-80.2040682791383, 25.7768267759851], [-80.2038035310706, 25.7765703159747], [-80.2033945457644, 25.7762135035062], [-80.2026436201825, 25.7754718686577], [-80.2013698998106, 25.7742138994895], [-80.2011387354305, 25.7738788627413], [-80.2018437180893, 25.7738485116472], [-80.2027288630562, 25.7738286022846], [-80.204375664595, 25.7737947989795], [-80.20607017682, 25.7737261575627], [-80.2077335429939, 25.7736573268079], [-80.2077635968489, 25.7746225112274], [-80.2078404493752, 25.7756330034584], [-80.2078703252772, 25.7765679225459], [-80.2078549781067, 25.77756312444], [-80.2071275057578, 25.778144846748]]]}}, {"type": "Feature", "properties": {"name": "Brickell Village", "label": "Brickell Village"}, "geometry": {"type": "Polygon", "coordinates": [[[-80.1900220436424, 25.7695896056816], [-80.1900175692053, 25.7695494290948], [-80.190046609163, 25.7691320806959], [-80.1900940594401, 25.7684087523175], [-80.1902306400075, 25.767927518658], [-80.1904595710874, 25.7670461399307], [-80.1906893356609, 25.7660971865626], [-80.1920471397953, 25.7663790004788], [-80.1922456734951, 25.7654408760711], [-80.1925660997386, 25.7645058347947], [-80.1927946591382, 25.7635071752278], [-80.1930533026549, 25.7624961286981], [-80.1931452820541, 25.7621489426223], [-80.1932681063005, 25.7615085683502], [-80.1935426900773, 25.7605540110556], [-80.1937871294776, 25.7596197483187], [-80.1940916090076, 25.7586235695762], [-80.1950988350858, 25.7591811235935], [-80.1958921593724, 25.75963930163], [-80.1962197785616, 25.7598288869179], [-80.1959862139383, 25.7601100361005], [-80.1957959361895, 25.7605051735217], [-80.1955605739638, 25.7614470559665], [-80.195471999321, 25.7622200271837], [-80.1954704735139, 25.7624464002121], [-80.1955693535345, 25.7663142517027], [-80.1955638851878, 25.7671253403109], [-80.195583502607, 25.7673141714413], [-80.1956683436106, 25.7687295847919], [-80.1954323597674, 25.7688035109862], [-80.1950819169357, 25.7689534109005], [-80.1947369117575, 25.7691135715856], [-80.1943979156894, 25.7692836514288], [-80.1940649292371, 25.7694635665267], [-80.1937387131179, 25.7696531469214], [-80.1934401117709, 25.7698029003055], [-80.1928915484966, 25.7700709476739], [-80.1925146072215, 25.7701506224442], [-80.1921276354957, 25.7701689379508], [-80.1917408640251, 25.7701576763948], [-80.1913663877707, 25.7700697035971], [-80.1910197158257, 25.7699143065869], [-80.1906432872724, 25.769834231021], [-80.190047967067, 25.7698273076153], [-80.1900220436424, 25.7695896056816]]]}}, {"type": "Feature", "properties": {"name": "Brickell Business District", "label": "Brickell Business District"}, "geometry": {"type": "Polygon", "coordinates": [[[-80.1900220436424, 25.7695896056816], [-80.1899122809103, 25.769588994765], [-80.1898138521727, 25.7695971312576], [-80.1897077770145, 25.7695847611308], [-80.1896147781437, 25.7695763334001], [-80.1893824906116, 25.7695805423434], [-80.1891478559246, 25.7695947978733], [-80.1889941701533, 25.769629880554], [-80.1888925111423, 25.769694227197], [-80.1887816943298, 25.7697367706624], [-80.1886809186432, 25.7697550381858], [-80.1885210741535, 25.7697462370985], [-80.1883960017251, 25.7697068493882], [-80.1883167505749, 25.7696596348036], [-80.1882778921838, 25.769621071706], [-80.1882122799451, 25.7695789202756], [-80.1881634213904, 25.7695307585535], [-80.1880924138221, 25.769472240816], [-80.1880287111404, 25.7693727528036], [-80.1879846041344, 25.7692683012042], [-80.1879549015762, 25.7691678844719], [-80.1879252298978, 25.7690630837346], [-80.18792331967, 25.7689531068445], [-80.1879297112919, 25.7688232295158], [-80.1879568259754, 25.7686620005284], [-80.1879854164745, 25.7685071407396], [-80.1879931845908, 25.7683980780642], [-80.1879916464832, 25.768289220721], [-80.1879985957243, 25.7681890093727], [-80.1880265543749, 25.7680991458692], [-80.1880507128798, 25.7680094335647], [-80.1880693620709, 25.767975920205], [-80.1880970645756, 25.7679235423131], [-80.188115699118, 25.7678921780748], [-80.1881450292604, 25.767851846091], [-80.1881636050908, 25.7677732801383], [-80.1881678457804, 25.7677082182049], [-80.1881908879411, 25.7676152320487], [-80.1881894918688, 25.7675691403611], [-80.1881862831293, 25.7675383420935], [-80.1881914455993, 25.7675052689016], [-80.1880875168305, 25.7674848281725], [-80.1881038481101, 25.7673732334673], [-80.18810996273, 25.7672840225538], [-80.1881211949442, 25.7671681867306], [-80.1881273903662, 25.7670392542393], [-80.1881334963453, 25.7669511607529], [-80.1881618317217, 25.766833699869], [-80.188159943473, 25.7667204563769], [-80.1881550119585, 25.766635912824], [-80.1881657823809, 25.766532111251], [-80.1881627319556, 25.7664222137153], [-80.1881792007439, 25.7663183581696], [-80.1881880828479, 25.7662411128614], [-80.1881887213955, 25.766175085747], [-80.1882716789499, 25.7661795886809], [-80.188353459722, 25.7661895884647], [-80.1883958901293, 25.7661775300652], [-80.1884236078393, 25.7661228305561], [-80.1884965852071, 25.7656401263188], [-80.1894577082094, 25.7658324847018], [-80.1894778106143, 25.7658364654052], [-80.1895054504595, 25.76576525757], [-80.1884744610251, 25.7655425031821], [-80.1883008903331, 25.7655145388794], [-80.188494733025, 25.7637063794619], [-80.1888422787591, 25.7637580987051], [-80.1889292390496, 25.7632292147173], [-80.1885622372693, 25.7631626000258], [-80.1888309724739, 25.760140930208], [-80.1888331602836, 25.7597071824053], [-80.1893407851597, 25.7598412122037], [-80.1892365849725, 25.7597218105185], [-80.1891868142711, 25.7596407135401], [-80.1891313075976, 25.7595652595643], [-80.1890830268918, 25.7594884701784], [-80.1890398403164, 25.7593885805209], [-80.1889888784924, 25.7592592427677], [-80.1889542672462, 25.7591548442732], [-80.1889197055776, 25.7590152814601], [-80.1889005616928, 25.7588984159533], [-80.1888886037324, 25.7587858040561], [-80.1888784102598, 25.7586929763702], [-80.1888895411272, 25.7585360420447], [-80.1888901667355, 25.7584439624551], [-80.1889136274754, 25.7582889887738], [-80.1889512860837, 25.7581403703167], [-80.1890126595847, 25.7579670357638], [-80.1890757893829, 25.7578145179793], [-80.1891559899603, 25.7576649322722], [-80.1892149210961, 25.7575715444919], [-80.1893238141068, 25.7574191099314], [-80.1894742833798, 25.7572680233339], [-80.1896310908686, 25.7571342540185], [-80.189766017811, 25.7570348404391], [-80.1899715814862, 25.7569076191117], [-80.1900620968856, 25.7568607488244], [-80.1903263863533, 25.7567540577253], [-80.19065039712, 25.7566611973034], [-80.1928400538725, 25.7579179760589], [-80.1940916090076, 25.7586235695762], [-80.1937871294776, 25.7596197483187], [-80.1935426900773, 25.7605540110556], [-80.1932681063005, 25.7615085683502], [-80.1931452820541, 25.7621489426223], [-80.1930533026549, 25.7624961286981], [-80.1927946591382, 25.7635071752278], [-80.1925660997386, 25.7645058347947], [-80.1922456734951, 25.7654408760711], [-80.1920471397953, 25.7663790004788], [-80.1906893356609, 25.7660971865626], [-80.1904595710874, 25.7670461399307], [-80.1902306400075, 25.767927518658], [-80.1900940594401, 25.7684087523175], [-80.190046609163, 25.7691320806959], [-80.1900175692053, 25.7695494290948], [-80.1900220436424, 25.7695896056816]]]}}, {"type": "Feature", "properties": {"name": "Omni/PAC", "label": "Omni/PAC"}, "geometry": {"type": "Polygon", "coordinates": [[[-80.1881871860542, 25.792348167825], [-80.1876589715233, 25.7923725597997], [-80.1870580516418, 25.7920005287903], [-80.1868305275932, 25.7921631306797], [-80.1853873604158, 25.7922133479443], [-80.1853925891031, 25.7918096251256], [-80.1854379529924, 25.7895075634802], [-80.1854377379744, 25.7872595843254], [-80.1854266096696, 25.7871369172222], [-80.1857641795157, 25.7871016649865], [-80.1864316961456, 25.7870345546058], [-80.1877960409332, 25.7864451476001], [-80.1890251261091, 25.7859134389371], [-80.1895135877025, 25.7857534913548], [-80.1895895890491, 25.7857494439523], [-80.190643507954, 25.7857260791179], [-80.1906436725049, 25.7860655209139], [-80.1906376462565, 25.78695329604], [-80.1906594074552, 25.7881963147556], [-80.1906584806496, 25.7883328423271], [-80.1906512482215, 25.7893980692336], [-80.1906958997893, 25.7895076815838], [-80.19069293271, 25.7899446052861], [-80.1907347068847, 25.7904502157447], [-80.1907335933035, 25.7906142558421], [-80.1907289569611, 25.7912970667555], [-80.1907711017915, 25.7917479976983], [-80.1907794332483, 25.7922835144309], [-80.1898618680888, 25.7923303366896], [-80.1889415243047, 25.7923387922925], [-80.1881871860542, 25.792348167825]]]}}, {"type": "Feature", "properties": {"name": "Southeast Overtown", "label": "Southeast Overtown"}, "geometry": {"type": "Polygon", "coordinates": [[[-80.2040244957781, 25.7886776027533], [-80.2034612789712, 25.7886557761777], [-80.2030482958317, 25.7886638314045], [-80.2017055160826, 25.788705991366], [-80.2013553697048, 25.7886906568656], [-80.2010810226454, 25.7887015310628], [-80.2005765509597, 25.7885869871143], [-80.199935934837, 25.7883812445177], [-80.1990483782104, 25.7880656357916], [-80.1986845463622, 25.7879389635263], [-80.1979676210548, 25.7876144853812], [-80.1972354013085, 25.7873053961766], [-80.196503182128, 25.7869966472541], [-80.196319360347, 25.7868783578386], [-80.1961941761999, 25.7848805678094], [-80.1961125152598, 25.7846536500315], [-80.1960357510271, 25.7836723873162], [-80.1960068151285, 25.7817667805648], [-80.1960757850715, 25.7808050672148], [-80.1959783223789, 25.7798236896429], [-80.1959429621254, 25.7788990571815], [-80.1959419918756, 25.7788739464194], [-80.1968071897711, 25.7788603254436], [-80.197921843555, 25.7788338028657], [-80.1996299295889, 25.7787912783459], [-80.1997685990156, 25.7787875702435], [-80.2000484279969, 25.7787770721439], [-80.2000579997857, 25.7797001867812], [-80.2001397657142, 25.7806766603142], [-80.2003834390163, 25.7816400957457], [-80.2006695952531, 25.7824717019147], [-80.2013290242376, 25.7835505665672], [-80.2019065388695, 25.7844403431339], [-80.2020507612184, 25.7846863436528], [-80.2021331290867, 25.7848377735611], [-80.2035939464477, 25.787618918406], [-80.2037586913549, 25.7879216031947], [-80.2039440126046, 25.788243316336], [-80.2040244957781, 25.7886776027533]]]}}, {"type": "Feature", "properties": {"name": "Bicentennial Park", "label": "Bicentennial Park"}, "geometry": {"type": "Polygon", "coordinates": [[[-80.1857641795157, 25.7871016649865], [-80.1854266096696, 25.7871369172222], [-80.1854036402211, 25.7868848732491], [-80.185273211416, 25.7830962993956], [-80.1889900176012, 25.7830051237027], [-80.1889748114482, 25.782615902692], [-80.1888129043782, 25.7826007273553], [-80.188781985144, 25.7822041966127], [-80.1852614155713, 25.7823208840637], [-80.185187484037, 25.7811606269048], [-80.1851463546561, 25.7800641773285], [-80.1859892589345, 25.7800623613358], [-80.1864470331053, 25.7800546044751], [-80.1892079718453, 25.7800848053383], [-80.1893604137328, 25.7805698833974], [-80.1894826978486, 25.7809653760028], [-80.1896054572601, 25.7819616849107], [-80.1896205610793, 25.7828693532698], [-80.1896204564093, 25.7832201426431], [-80.1896507373168, 25.7839067600846], [-80.1896810474007, 25.7844214213185], [-80.1896057826524, 25.7848759972785], [-80.1892849028238, 25.7854746798664], [-80.1892733764166, 25.7854938745305], [-80.1890251261091, 25.7859134389371], [-80.1877960409332, 25.7864451476001], [-80.1864316961456, 25.7870345546058], [-80.1857641795157, 25.7871016649865]]]}}, {"type": "Feature", "properties": {"name": "Parkwest", "label": "Parkwest"}, "geometry": {"type": "Polygon", "coordinates": [[[-80.1960905353467, 25.7867866444202], [-80.1950682860434, 25.7863940900836], [-80.1941519032188, 25.7860199984315], [-80.1940151259931, 25.7859673103995], [-80.1932669723732, 25.785658113237], [-80.1923516849122, 25.7856846741972], [-80.190643507954, 25.7857260791179], [-80.1895895890491, 25.7857494439523], [-80.1895135877025, 25.7857534913548], [-80.1890251261091, 25.7859134389371], [-80.1892733764166, 25.7854938745305], [-80.1892849028238, 25.7854746798664], [-80.1896057826524, 25.7848759972785], [-80.1896810474007, 25.7844214213185], [-80.1896507373168, 25.7839067600846], [-80.1896204564093, 25.7832201426431], [-80.1896205610793, 25.7828693532698], [-80.1896054572601, 25.7819616849107], [-80.1894826978486, 25.7809653760028], [-80.1893604137328, 25.7805698833974], [-80.1892079718453, 25.7800848053383], [-80.1891773937653, 25.7800010641009], [-80.1893544157507, 25.7799994716376], [-80.1904290823291, 25.7799898069642], [-80.1921075571833, 25.7799472063691], [-80.1920928231592, 25.7789821067554], [-80.1937710015955, 25.7789250399418], [-80.1952811804534, 25.7788835332421], [-80.1959419918756, 25.7788739464194], [-80.1959429621254, 25.7788990571815], [-80.1959783223789, 25.7798236896429], [-80.1960757850715, 25.7808050672148], [-80.1960068151285, 25.7817667805648], [-80.1960357510271, 25.7836723873162], [-80.1961125152598, 25.7846536500315], [-80.1961941761999, 25.7848805678094], [-80.196319360347, 25.7868783578386], [-80.1960905353467, 25.7867866444202]]]}}, {"type": "Feature", "properties": {"name": "East Little Havana", "label": "East Little Havana"}, "geometry": {"type": "Polygon", "coordinates": [[[-80.2099255065475, 25.7803451201369], [-80.2098050651903, 25.7802347577864], [-80.209440502518, 25.7797330712606], [-80.2090751139158, 25.7793563920871], [-80.2085267152797, 25.7788538753939], [-80.207870183897, 25.7784477525325], [-80.2071275057578, 25.778144846748], [-80.2078549781067, 25.77756312444], [-80.2078703252772, 25.7765679225459], [-80.2078404493752, 25.7756330034584], [-80.2077635968489, 25.7746225112274], [-80.2077335429939, 25.7736573268079], [-80.20607017682, 25.7737261575627], [-80.204375664595, 25.7737947989795], [-80.2027288630562, 25.7738286022846], [-80.2018437180893, 25.7738485116472], [-80.2011387354305, 25.7738788627413], [-80.2005302641462, 25.7729971666719], [-80.1994327175842, 25.7710485400411], [-80.1992942274471, 25.7708570786197], [-80.1996696314114, 25.7700154380142], [-80.2000507625119, 25.7691120096318], [-80.2003699776727, 25.7680950924776], [-80.2004805533308, 25.767152431471], [-80.2005706170281, 25.7661531705082], [-80.2004100813164, 25.7652278493035], [-80.2000041994005, 25.7636221215807], [-80.1999581252936, 25.7633281669649], [-80.2007138847443, 25.7632776361125], [-80.2020715692628, 25.763235561671], [-80.2023621893136, 25.7632246012674], [-80.2028194665176, 25.7632248712999], [-80.2040865851087, 25.7631516730626], [-80.2053831155975, 25.7631102641178], [-80.2066805905623, 25.7630980820811], [-80.2073215587519, 25.7630609924319], [-80.2078701937899, 25.7630301033377], [-80.2081295938156, 25.7630304829706], [-80.2087402147126, 25.7630449810228], [-80.2091980494635, 25.7630182365644], [-80.2099921084786, 25.7629761193479], [-80.2104799690957, 25.7629460946885], [-80.2113495058735, 25.7629767740557], [-80.2127148761849, 25.7629778879852], [-80.2143715184239, 25.7629265682498], [-80.2143711207867, 25.7631600836749], [-80.2144013412041, 25.7638771365864], [-80.2144172693624, 25.7642845885783], [-80.2144321121938, 25.7648569423738], [-80.2144470275448, 25.7658220457863], [-80.2144624182889, 25.766714930306], [-80.2144930630779, 25.7677139949698], [-80.2145393233735, 25.7686488306071], [-80.2145543433195, 25.7695981151006], [-80.2145546166011, 25.7705373455686], [-80.2146000011341, 25.7715476659309], [-80.2146303834598, 25.7724712387523], [-80.2146609777051, 25.7734782114304], [-80.2146919209828, 25.7744320520943], [-80.2147066382094, 25.7754274182713], [-80.2147379899073, 25.7763771330636], [-80.2147529812314, 25.777330887277], [-80.214782711182, 25.7782960690563], [-80.2148133803877, 25.7792918647238], [-80.2148287818071, 25.7801833720787], [-80.2131966745017, 25.7802220148591], [-80.2099255065475, 25.7803451201369]]]}}, {"type": "Feature", "properties": {"name": "Bayfront", "label": "Bayfront"}, "geometry": {"type": "Polygon", "coordinates": [[[-80.1859892589345, 25.7800623613358], [-80.1851463546561, 25.7800641773285], [-80.1851335634333, 25.7798237115138], [-80.1861504000629, 25.7797717976333], [-80.1861361999486, 25.7792642763453], [-80.1860982745635, 25.7792556379772], [-80.1860879416102, 25.7790999599729], [-80.1861267239899, 25.7790943304592], [-80.1861217360406, 25.7786563302907], [-80.186074254156, 25.7786565810024], [-80.186069009703, 25.7785066054989], [-80.1861066393277, 25.7785030329926], [-80.1861098057527, 25.7780946554891], [-80.1860991681159, 25.7780115414843], [-80.1860673191624, 25.7779195386923], [-80.1860142299288, 25.7778508028915], [-80.185961436083, 25.7777944503553], [-80.185892390131, 25.7777539981923], [-80.1858416615507, 25.7777291244014], [-80.1858185147687, 25.777725555793], [-80.1857881788599, 25.7777737057245], [-80.185630548258, 25.7777172818027], [-80.1856474267978, 25.7776652735879], [-80.1851884269705, 25.7774922956625], [-80.1851704064399, 25.7775446413359], [-80.1850203386632, 25.7774934177498], [-80.1850334344787, 25.7774391525616], [-80.1847957349236, 25.7773437614508], [-80.1847106009594, 25.7773508504598], [-80.1846676482853, 25.7773831087401], [-80.1846594782553, 25.7774391210398], [-80.1846687357967, 25.7776407054273], [-80.184504452767, 25.7777797566654], [-80.1843232278962, 25.777785447537], [-80.1836330717385, 25.7791696052849], [-80.18324512915, 25.7787984102211], [-80.1844348924804, 25.77639804384], [-80.1849980959278, 25.7753008526132], [-80.1850141893019, 25.7751413679845], [-80.1849984249518, 25.7749191125492], [-80.1849869080163, 25.7747145917684], [-80.1849480868175, 25.7745037285887], [-80.1849306803937, 25.7743550605069], [-80.1849511916517, 25.7742160627569], [-80.1849884276177, 25.77410312427], [-80.1850423946148, 25.7739874424451], [-80.1851155110892, 25.7739041953004], [-80.1851682308317, 25.773776382959], [-80.1851787423802, 25.7736277863613], [-80.1851569628973, 25.7735076382694], [-80.1851015480303, 25.7733904845655], [-80.1850232430953, 25.7732880755981], [-80.1849663174452, 25.7731697092489], [-80.1849519064559, 25.7729996497953], [-80.1849612566169, 25.7728541409778], [-80.1849687951316, 25.7727792967244], [-80.1849767142161, 25.7727041955407], [-80.1849837460422, 25.7726479195492], [-80.1849451574139, 25.7717359059439], [-80.1849593428161, 25.7716332413454], [-80.1849976154191, 25.77156295427], [-80.1850677613929, 25.7714974013404], [-80.1852045932941, 25.7714278375842], [-80.1873984322259, 25.7706511692026], [-80.1874077968615, 25.7709492213434], [-80.1873008157093, 25.7710975385842], [-80.1873164783003, 25.7717534668479], [-80.1871765188095, 25.7726165929335], [-80.1871642246261, 25.7726928730579], [-80.187315928976, 25.7734510151598], [-80.1875144805162, 25.774302103561], [-80.1876362965564, 25.7752664257606], [-80.1877286617191, 25.7762051340847], [-80.1880947117289, 25.7771708198169], [-80.1882776618721, 25.7781392653632], [-80.1884845106661, 25.7786662608809], [-80.1886439033239, 25.7790781249016], [-80.18884855161, 25.7794544744965], [-80.1891773937653, 25.7800010641009], [-80.1892079718453, 25.7800848053383], [-80.1864470331053, 25.7800546044751], [-80.1859892589345, 25.7800623613358]]]}}, {"type": "Feature", "properties": {"name": "CBD", "label": "CBD"}, "geometry": {"type": "Polygon", "coordinates": [[[-80.1893544157507, 25.7799994716376], [-80.1891773937653, 25.7800010641009], [-80.18884855161, 25.7794544744965], [-80.1886439033239, 25.7790781249016], [-80.1884845106661, 25.7786662608809], [-80.1882776618721, 25.7781392653632], [-80.1880947117289, 25.7771708198169], [-80.1877286617191, 25.7762051340847], [-80.1876362965564, 25.7752664257606], [-80.1875144805162, 25.774302103561], [-80.187315928976, 25.7734510151598], [-80.1871642246261, 25.7726928730579], [-80.1871765188095, 25.7726165929335], [-80.1873164783003, 25.7717534668479], [-80.1873008157093, 25.7710975385842], [-80.1874077968615, 25.7709492213434], [-80.1873984322259, 25.7706511692026], [-80.1888016439557, 25.7701543917612], [-80.1889334639921, 25.770123228608], [-80.1890498156725, 25.7701046180473], [-80.1891576347621, 25.7700839821482], [-80.1893555555428, 25.7701069225273], [-80.1895032062884, 25.7701215021671], [-80.1896750332722, 25.7701276176259], [-80.1897808637962, 25.7701202969168], [-80.1899326818112, 25.770108416471], [-80.1900474938604, 25.7701208350659], [-80.1900934150069, 25.7708536245486], [-80.1901187964184, 25.7712831410548], [-80.1901164902643, 25.7716227412377], [-80.1905540324903, 25.7716251755369], [-80.1913675336939, 25.7714976357912], [-80.1918259035656, 25.7714812669495], [-80.1926592703103, 25.7715048075436], [-80.1930754121814, 25.7715825184282], [-80.1934920653009, 25.7715848280641], [-80.1951155609993, 25.7718201973811], [-80.1954268108629, 25.771991726034], [-80.1955205785408, 25.7720272374686], [-80.1955406513848, 25.7724018689998], [-80.1955407554571, 25.7725554266861], [-80.1955408676368, 25.7727077811809], [-80.1955563879718, 25.7732225321261], [-80.1955871506538, 25.774011638525], [-80.1946718459539, 25.7740540355278], [-80.1947013167276, 25.7750336625583], [-80.1951377045184, 25.7750120032328], [-80.195174535064, 25.7759992359343], [-80.1952056035219, 25.7769678664188], [-80.1936942271116, 25.7770214029873], [-80.1920158891215, 25.7771059812926], [-80.1903526575144, 25.7771472907627], [-80.1903760736274, 25.7780622280746], [-80.1892915336982, 25.7781021007815], [-80.1893501056314, 25.7795996491128], [-80.1893544157507, 25.7799994716376]]]}}, {"type": "Feature", "properties": {"name": "MDCC", "label": "MDCC"}, "geometry": {"type": "Polygon", "coordinates": [[[-80.1904290823291, 25.7799898069642], [-80.1893544157507, 25.7799994716376], [-80.1893501056314, 25.7795996491128], [-80.1892915336982, 25.7781021007815], [-80.1903760736274, 25.7780622280746], [-80.1903526575144, 25.7771472907627], [-80.1920158891215, 25.7771059812926], [-80.1920469667618, 25.7780133942095], [-80.1920928231592, 25.7789821067554], [-80.1921075571833, 25.7799472063691], [-80.1904290823291, 25.7799898069642]]]}}, {"type": "Feature", "properties": {"name": "Government Center", "label": "Government Center"}, "geometry": {"type": "Polygon", "coordinates": [[[-80.1937710015955, 25.7789250399418], [-80.1920928231592, 25.7789821067554], [-80.1920469667618, 25.7780133942095], [-80.1920158891215, 25.7771059812926], [-80.1936942271116, 25.7770214029873], [-80.1952056035219, 25.7769678664188], [-80.195174535064, 25.7759992359343], [-80.1951377045184, 25.7750120032328], [-80.1947013167276, 25.7750336625583], [-80.1946718459539, 25.7740540355278], [-80.1955871506538, 25.774011638525], [-80.1955563879718, 25.7732225321261], [-80.1955408676368, 25.7727077811809], [-80.1955407554571, 25.7725554266861], [-80.1955406513848, 25.7724018689998], [-80.1955205785408, 25.7720272374686], [-80.1962373859936, 25.7722980741203], [-80.1964243167003, 25.772374509368], [-80.1969023715134, 25.7725657851867], [-80.1972351510757, 25.7726431099655], [-80.1976518083255, 25.7726454077805], [-80.1979642694249, 25.772665959481], [-80.1990204301166, 25.7726308511763], [-80.1990264211532, 25.7727284697546], [-80.1991278320432, 25.7731251292064], [-80.1995365147417, 25.7743159416391], [-80.1995770297195, 25.7745048004814], [-80.1996783164713, 25.7749202890322], [-80.1998621521379, 25.7754872088103], [-80.199901464977, 25.7758270392114], [-80.1999573665193, 25.7768083582092], [-80.2000132677518, 25.7777896770708], [-80.2000484706693, 25.7787707095956], [-80.2000484279969, 25.7787770721439], [-80.1997685990156, 25.7787875702435], [-80.1996299295889, 25.7787912783459], [-80.197921843555, 25.7788338028657], [-80.1968071897711, 25.7788603254436], [-80.1959419918756, 25.7788739464194], [-80.1952811804534, 25.7788835332421], [-80.1937710015955, 25.7789250399418]]]}}, {"type": "Feature", "properties": {"name": "Lummus Park", "label": "Lummus Park"}, "geometry": {"type": "Polygon", "coordinates": [[[-80.2000484279969, 25.7787770721439], [-80.2000484706693, 25.7787707095956], [-80.2000132677518, 25.7777896770708], [-80.1999573665193, 25.7768083582092], [-80.199901464977, 25.7758270392114], [-80.1998621521379, 25.7754872088103], [-80.1996783164713, 25.7749202890322], [-80.1995770297195, 25.7745048004814], [-80.1995365147417, 25.7743159416391], [-80.1991278320432, 25.7731251292064], [-80.1990264211532, 25.7727284697546], [-80.1990204301166, 25.7726308511763], [-80.1989873019829, 25.7723320664494], [-80.1990126246799, 25.7716719779181], [-80.1991406217301, 25.771219921535], [-80.1991829078674, 25.7711446646038], [-80.1992942274471, 25.7708570786197], [-80.1994327175842, 25.7710485400411], [-80.2005302641462, 25.7729971666719], [-80.2011387354305, 25.7738788627413], [-80.2013698998106, 25.7742138994895], [-80.2026436201825, 25.7754718686577], [-80.2033945457644, 25.7762135035062], [-80.2038035310706, 25.7765703159747], [-80.2040682791383, 25.7768267759851], [-80.2043546243587, 25.7770628914207], [-80.2046664141246, 25.7772714592672], [-80.2050035162372, 25.7774438826914], [-80.2053671755285, 25.7775641751386], [-80.2057428378697, 25.777650485102], [-80.206112868212, 25.7777553345255], [-80.2066474019902, 25.7779415559411], [-80.2071275057578, 25.778144846748], [-80.2066350549539, 25.7785699903476], [-80.2045740973917, 25.7786120442262], [-80.2029116961749, 25.7786964902662], [-80.2012485392596, 25.7787234801658], [-80.2002111962655, 25.7787765912988], [-80.2000577366022, 25.7787767794117], [-80.2000484279969, 25.7787770721439]]]}}, {"type": "Feature", "properties": {"name": "Riverfront", "label": "Riverfront"}, "geometry": {"type": "Polygon", "coordinates": [[[-80.1976518083255, 25.7726454077805], [-80.1972351510757, 25.7726431099655], [-80.1969023715134, 25.7725657851867], [-80.1964243167003, 25.772374509368], [-80.1962373859936, 25.7722980741203], [-80.1955205785408, 25.7720272374686], [-80.1954268108629, 25.771991726034], [-80.1951155609993, 25.7718201973811], [-80.1934920653009, 25.7715848280641], [-80.1930754121814, 25.7715825184282], [-80.1926592703103, 25.7715048075436], [-80.1918259035656, 25.7714812669495], [-80.1913675336939, 25.7714976357912], [-80.1905540324903, 25.7716251755369], [-80.1901164902643, 25.7716227412377], [-80.1901187964184, 25.7712831410548], [-80.1900934150069, 25.7708536245486], [-80.1900474938604, 25.7701208350659], [-80.190047967067, 25.7698273076153], [-80.1906432872724, 25.769834231021], [-80.1910197158257, 25.7699143065869], [-80.1913663877707, 25.7700697035971], [-80.1917408640251, 25.7701576763948], [-80.1921276354957, 25.7701689379508], [-80.1925146072215, 25.7701506224442], [-80.1928915484966, 25.7700709476739], [-80.1934401117709, 25.7698029003055], [-80.1937387131179, 25.7696531469214], [-80.1940649292371, 25.7694635665267], [-80.1943979156894, 25.7692836514288], [-80.1947369117575, 25.7691135715856], [-80.1950819169357, 25.7689534109005], [-80.1954323597674, 25.7688035109862], [-80.1956683436106, 25.7687295847919], [-80.1959305796997, 25.7686491823004], [-80.1962481359083, 25.7685883438083], [-80.1965718768506, 25.768567862895], [-80.1968957243826, 25.7685879641447], [-80.1972132240437, 25.7686483528996], [-80.1975186867114, 25.7687478803554], [-80.1978382391224, 25.7689268432326], [-80.1980756086176, 25.7691270198595], [-80.1982692517816, 25.7693626352416], [-80.1984296390577, 25.7696297936037], [-80.1987086407797, 25.7699655276113], [-80.1989904710322, 25.7708418221672], [-80.1992942274471, 25.7708570786197], [-80.1991829078674, 25.7711446646038], [-80.1991406217301, 25.771219921535], [-80.1990126246799, 25.7716719779181], [-80.1989873019829, 25.7723320664494], [-80.1990204301166, 25.7726308511763], [-80.1979642694249, 25.772665959481], [-80.1976518083255, 25.7726454077805]]]}}, {"type": "Feature", "properties": {"name": "Watson Island", "label": "Watson Island"}, "geometry": {"type": "Polygon", "coordinates": [[[-80.1786653833721, 25.7878314292429], [-80.178407647001, 25.7878299737571], [-80.1781507152638, 25.7877119365666], [-80.1775930886283, 25.7875696727815], [-80.1771031359643, 25.787612297824], [-80.1762827713918, 25.7876430772393], [-80.1758316876275, 25.7876405222085], [-80.1753811977048, 25.7875795038669], [-80.1751242686586, 25.7874614614069], [-80.1746737786438, 25.7874006132967], [-80.1745444122731, 25.7874581721227], [-80.174415639835, 25.7874574413365], [-80.1742874853544, 25.7873401282149], [-80.1740303457637, 25.7872802031114], [-80.1737722057501, 25.7873372024076], [-80.1736428400348, 25.7873947604288], [-80.1735780493281, 25.7874526852115], [-80.1733207192667, 25.7873929301794], [-80.1730641982473, 25.7872164211816], [-80.1730022397531, 25.786866139413], [-80.1729398762624, 25.7865741481647], [-80.1727499573913, 25.7861063814842], [-80.1725614675497, 25.7854054503261], [-80.1724345319549, 25.785113091548], [-80.1724373661959, 25.7847047136931], [-80.1724410104513, 25.7841797537757], [-80.1721229477152, 25.7835946714896], [-80.1718040771921, 25.7831263411763], [-80.1717445556561, 25.7824259714802], [-80.1716230816459, 25.7813753192561], [-80.1715615348333, 25.7809667461893], [-80.1688489861107, 25.779796765241], [-80.1689612903048, 25.7794067244125], [-80.1772813365062, 25.7829823683885], [-80.177408494667, 25.7832164315334], [-80.1777293986832, 25.7833931244272], [-80.1791202944375, 25.7872507232089], [-80.1792482630915, 25.7873682035173], [-80.1794394804676, 25.7873754726324], [-80.1794500595118, 25.7876597747873], [-80.1790611614189, 25.7876460600635], [-80.1786653833721, 25.7878314292429]]]}}, {"type": "Feature", "properties": {"name": "Port of Miami", "label": "Port of Miami"}, "geometry": {"type": "Polygon", "coordinates": [[[-80.1601935985829, 25.7728018711458], [-80.1601363646232, 25.772865681028], [-80.1600330872783, 25.7728606998936], [-80.1599232393333, 25.7728446757017], [-80.1596675781821, 25.7727691727463], [-80.1594180304075, 25.772715456609], [-80.1591803035822, 25.7726012805572], [-80.1590394736351, 25.7724813880097], [-80.158825638949, 25.7723725080743], [-80.1585760230584, 25.7722747699103], [-80.1583442981686, 25.7721716322726], [-80.158039120529, 25.7720084008565], [-80.1578745074847, 25.7719488116386], [-80.1575636991842, 25.7718570794932], [-80.1573200827461, 25.771770637145], [-80.1571190458608, 25.7717056775499], [-80.156942610992, 25.7717065475003], [-80.1567476462237, 25.7716691351984], [-80.1565042568271, 25.771604444759], [-80.1562175760234, 25.7714849939851], [-80.1558944296835, 25.7713659323132], [-80.1556627079867, 25.7712627904887], [-80.155376329795, 25.7711543439849], [-80.1550347644564, 25.7710351735316], [-80.1546810544406, 25.7708611646651], [-80.1544308109836, 25.7706921402968], [-80.1540771728356, 25.7705349809837], [-80.153814618449, 25.7704151494753], [-80.1535587459289, 25.770290369251], [-80.1532601062774, 25.7701708431918], [-80.1530041189261, 25.7700623974072], [-80.1526441036913, 25.769921361216], [-80.1523757834626, 25.7697579888146], [-80.1520708778258, 25.769638767768], [-80.1517841281706, 25.7695303121437], [-80.1515037954222, 25.7694273967986], [-80.1512173085786, 25.7693355358254], [-80.1508762501025, 25.769199851152], [-80.1506442356759, 25.7690856947186], [-80.1502904260574, 25.768900668841], [-80.1499369469578, 25.7687761726847], [-80.1496750724543, 25.7686951136065], [-80.1493460810667, 25.7686255261536], [-80.1491452823528, 25.7685549688194], [-80.1489926086404, 25.7684735151702], [-80.1487920283393, 25.7684524813157], [-80.1484693707529, 25.768426691851], [-80.1481711422075, 25.7683841931877], [-80.1478544639522, 25.7682924071268], [-80.1476777062945, 25.7682329935887], [-80.1475249312494, 25.7681127611353], [-80.1473414994328, 25.7680040426836], [-80.1471037153662, 25.7679008519339], [-80.1468236940506, 25.767808763062], [-80.1466226677116, 25.7677439607324], [-80.1463302942986, 25.7676795683451], [-80.1460986625157, 25.767592662365], [-80.1458854812982, 25.7675281316248], [-80.1457393047404, 25.7674681207565], [-80.1455683710097, 25.7673647187308], [-80.1454461261567, 25.7672775936291], [-80.145299678465, 25.767228929679], [-80.1451166327286, 25.7671199525863], [-80.1450310025728, 25.7670380293077], [-80.1449933712602, 25.7668567396633], [-80.1450231099166, 25.7667083445626], [-80.1451560266278, 25.7666310583002], [-80.1453323887227, 25.7665860952691], [-80.1454169514492, 25.7665252905289], [-80.1455319134765, 25.766409293303], [-80.14564079217, 25.7663207737697], [-80.1457800486859, 25.7662596877809], [-80.152992784529, 25.7664155028548], [-80.1530550353006, 25.7666348495496], [-80.1532743749383, 25.7666614033955], [-80.1534809584811, 25.7666659583711], [-80.1537666583521, 25.7666807739882], [-80.1540162343906, 25.766701484578], [-80.154265922938, 25.7667331995452], [-80.1544361223927, 25.7667267939479], [-80.1547279356908, 25.7667364854822], [-80.1549587575452, 25.7667240685769], [-80.1554453756797, 25.7667656697771], [-80.1557371944603, 25.7667478457813], [-80.1560049306052, 25.7667518059124], [-80.1562115923425, 25.7667453515107], [-80.156515225695, 25.7667217480071], [-80.1567224922377, 25.7667370501462], [-80.1569837656992, 25.766768827585], [-80.1572573153657, 25.7667563114981], [-80.1575681873282, 25.7668371242602], [-80.1579392313164, 25.7668681605726], [-80.1582008889147, 25.7668724254105], [-80.1585837878001, 25.766865010035], [-80.1589491309236, 25.7669235225713], [-80.1592590269185, 25.7669274621833], [-80.1603354013049, 25.7669549123255], [-80.1610107224815, 25.7669788400221], [-80.1612237614284, 25.7670106757371], [-80.1613637957004, 25.7670541282036], [-80.1614615209198, 25.7670918333534], [-80.1616017071153, 25.7671407890018], [-80.1617904330145, 25.7672274234175], [-80.161887967309, 25.7672653853426], [-80.1619797643882, 25.7673090748597], [-80.162089864752, 25.7674236290523], [-80.1622121940271, 25.7675275066476], [-80.162310177365, 25.7676367465535], [-80.1624141226491, 25.7677625292067], [-80.1624941771732, 25.7678829290361], [-80.1625194954694, 25.7680366311335], [-80.1625382101499, 25.7681300246219], [-80.1625092477771, 25.7683331953224], [-80.1624550756036, 25.7684214404231], [-80.1624277575587, 25.7684714080706], [-80.1622765430248, 25.7688030140124], [-80.1621989225372, 25.7690120091343], [-80.1621328941414, 25.7691387044693], [-80.1621697322582, 25.7691934264466], [-80.1630356660092, 25.7695791188959], [-80.163126303298, 25.7694905669683], [-80.1632967658548, 25.769528345252], [-80.1635408369993, 25.7690894562492], [-80.1639514961606, 25.7683193904946], [-80.1653345023084, 25.7689285724196], [-80.1653947509277, 25.7688402744084], [-80.1657662910043, 25.7689645786926], [-80.1656821852031, 25.7691241872989], [-80.1678719183294, 25.7701181618837], [-80.1669601934464, 25.772017612764], [-80.1677647855609, 25.7723540905576], [-80.1687798941824, 25.7704155031567], [-80.1695169905146, 25.7706258000193], [-80.1709080731858, 25.7713380627406], [-80.1709861333888, 25.7712004267709], [-80.1713944537613, 25.7713355884775], [-80.1712928398278, 25.771583227959], [-80.1728597347663, 25.7722507335516], [-80.1728118344094, 25.7723663594106], [-80.1729400663526, 25.7724152354529], [-80.1729889156875, 25.7724366639017], [-80.1731231880556, 25.7725183320899], [-80.1732877700973, 25.7725836647292], [-80.1734646625872, 25.7726539675782], [-80.1736416279806, 25.7727411221549], [-80.1739032639525, 25.7728055438079], [-80.1741229265937, 25.7728975833998], [-80.1743181253991, 25.7730120960863], [-80.1744952847525, 25.773098906834], [-80.1747269128739, 25.7731910134049], [-80.1749280762619, 25.7732670404335], [-80.1750987777388, 25.7733265593024], [-80.1752573251159, 25.7734136084448], [-80.1754771796392, 25.7735331598126], [-80.1757089617847, 25.7736307682575], [-80.1759100891565, 25.773712210534], [-80.1761600667109, 25.7738151656946], [-80.1763185391069, 25.773885704753], [-80.1765199711886, 25.773978153908], [-80.1767394083479, 25.7740760347867], [-80.1769226475039, 25.7741629627761], [-80.1770997346167, 25.7742607759822], [-80.1774896503431, 25.7744235867344], [-80.1775996554932, 25.7744723566118], [-80.1777211312028, 25.7744826725336], [-80.1778487977021, 25.7744765157074], [-80.1779764641916, 25.774470358769], [-80.1781346314729, 25.7744752066631], [-80.1783233040544, 25.7745180575163], [-80.1785183947153, 25.7745664469006], [-80.1786587119226, 25.7746262197807], [-80.1787685283717, 25.7747025004301], [-80.1788420686928, 25.7747790917069], [-80.1788853376361, 25.7748665181228], [-80.178934720234, 25.7749763321959], [-80.1789774958275, 25.7750527507172], [-80.1790633821672, 25.7751292391372], [-80.1791302354291, 25.775156442075], [-80.1792044649456, 25.7752985521523], [-80.1792410833304, 25.7753866278662], [-80.1793335454315, 25.7755563543287], [-80.1794072038655, 25.7756711198775], [-80.1795000083858, 25.775846350709], [-80.1795978631395, 25.7759775887194], [-80.1797021369535, 25.7760868526854], [-80.1798183757316, 25.776196184923], [-80.179928385047, 25.7762999785176], [-80.1800265064008, 25.7763926990548], [-80.180112088136, 25.7764860375928], [-80.1802037528437, 25.7765787225355], [-80.1802835631051, 25.7766828620394], [-80.1803450310686, 25.7768030609927], [-80.1804617651491, 25.7769509133121], [-80.180559811844, 25.7770546390649], [-80.1806578591461, 25.7771858774655], [-80.1807864840188, 25.7773171164562], [-80.1808782610637, 25.7773934654954], [-80.1810068108428, 25.7775357089571], [-80.1811357812424, 25.7776997933394], [-80.1812459474753, 25.7778364296919], [-80.181325988235, 25.7779625801029], [-80.1814063392032, 25.7781542473045], [-80.1814865375895, 25.7783405825647], [-80.1815301522282, 25.7784611969095], [-80.181530614434, 25.7785599022506], [-80.1815006464239, 25.7786371140641], [-80.1814646768544, 25.778703114619], [-80.1814527156359, 25.7787855863509], [-80.1814293218233, 25.7788734963035], [-80.1814365840922, 25.7790329402519], [-80.1814250833282, 25.7791866036909], [-80.1813954571448, 25.779269319936], [-80.1813531451103, 25.7793462898504], [-80.1812564705198, 25.7793744627137], [-80.1811345340651, 25.7793751521402], [-80.1809949365761, 25.7794032547541], [-80.1806524060785, 25.7800530396387], [-80.1805860439932, 25.7800920430075], [-80.1805008027307, 25.7801144332937], [-80.1804280232375, 25.7801200422001], [-80.1802818121628, 25.7800877504243], [-80.179747609046, 25.7811561966332], [-80.1787355119675, 25.7807661651879], [-80.1770523842403, 25.7800500887556], [-80.1717281513865, 25.7777598628439], [-80.163666964314, 25.7743140192266], [-80.1601935985829, 25.7728018711458]]]}}, {"type": "Feature", "properties": {"name": "Virginia Key", "label": "Virginia Key"}, "geometry": {"type": "Polygon", "coordinates": [[[-80.1476861810131, 25.7582176784258], [-80.1473736563052, 25.758159704768], [-80.1472284109921, 25.757837813752], [-80.1471919835099, 25.7574347081714], [-80.1471417675637, 25.757154298735], [-80.1465750031085, 25.7570673212041], [-80.1465508582928, 25.7569916056753], [-80.1465895930709, 25.7566998521972], [-80.1466359468794, 25.7564046185214], [-80.146640521261, 25.756163047736], [-80.1466088705936, 25.7558889372627], [-80.146459003802, 25.7556299535462], [-80.1461188042132, 25.7554599583275], [-80.145794751148, 25.7554220328673], [-80.1455546141055, 25.7554390232993], [-80.1454081226722, 25.7553718741292], [-80.1453868258634, 25.7551373745094], [-80.1455394952549, 25.7529612282203], [-80.145523238772, 25.7518895919849], [-80.1455142810137, 25.7513900945768], [-80.145360339502, 25.7511443267313], [-80.1452411741034, 25.7510006463308], [-80.1450981289977, 25.7507712773631], [-80.1449050464773, 25.7506354164982], [-80.1446112946876, 25.7505573435788], [-80.1441477748906, 25.7506672502935], [-80.1437703265365, 25.7507161887691], [-80.1435827049557, 25.750692730472], [-80.1433542558447, 25.7504846103879], [-80.1432765877583, 25.7503005047452], [-80.1432106227322, 25.7498879396644], [-80.1434032989389, 25.749656588656], [-80.1434505601434, 25.7493151050625], [-80.1437180775951, 25.749026330579], [-80.1439751727262, 25.7487080048529], [-80.144160130832, 25.7484933740217], [-80.1444673096894, 25.7482602012732], [-80.1448356323095, 25.7479201723989], [-80.144842846691, 25.7477348464134], [-80.1446260331159, 25.7476787192331], [-80.1443814494499, 25.7477354895321], [-80.1441455765887, 25.7477160478355], [-80.1438865360514, 25.7477499486386], [-80.1436913005576, 25.7477297991315], [-80.1436095039855, 25.7475656169245], [-80.1433305476397, 25.7474907228313], [-80.1429666866019, 25.7474204014267], [-80.1428385320678, 25.7475513648833], [-80.1427277499864, 25.7477483760026], [-80.1425455704438, 25.7478140224999], [-80.1422434473728, 25.747792382328], [-80.1419223088671, 25.7479860044042], [-80.1416421157681, 25.7481624126389], [-80.1416664181541, 25.7484267657249], [-80.1421328271781, 25.7483631389577], [-80.1424275205707, 25.7483883471182], [-80.1427851424028, 25.7484024895101], [-80.1430501180881, 25.7484413635521], [-80.143218863292, 25.7486868769614], [-80.1431050910071, 25.7488507698069], [-80.1428639922327, 25.7491092614376], [-80.1427580274679, 25.7494286472877], [-80.1426741382295, 25.7497673361072], [-80.1424109360489, 25.7500097912437], [-80.1424822646903, 25.7503361530576], [-80.1430184446419, 25.7502879806707], [-80.1429562740244, 25.7506430468642], [-80.1428010791001, 25.750837303386], [-80.1426421772235, 25.7512303176116], [-80.1421507158595, 25.7512644793523], [-80.1416722911111, 25.7508055478034], [-80.1413000239875, 25.750397796155], [-80.1409726000876, 25.7499596136723], [-80.1407395562956, 25.7495993676129], [-80.1410686933751, 25.748611533237], [-80.1415144655906, 25.7476947151627], [-80.1415543496142, 25.7473499211175], [-80.1416164471179, 25.7471901956868], [-80.1417792722104, 25.7470172226988], [-80.1419103368433, 25.7468777653723], [-80.1419794849269, 25.7468200514228], [-80.1420717477462, 25.7467429566017], [-80.1421163983355, 25.7465271577659], [-80.1422019988541, 25.7459236671788], [-80.1423988720565, 25.7456625086503], [-80.1427687142473, 25.7448460905908], [-80.1431205823599, 25.7442053046113], [-80.1434873759319, 25.7431771885796], [-80.1439180865134, 25.7428462127887], [-80.1444204469989, 25.7416835614148], [-80.1447270381671, 25.741476865961], [-80.1454043195229, 25.7405959556243], [-80.1457047250085, 25.7399527113586], [-80.1462713226602, 25.7394673337569], [-80.1465069903764, 25.7394867705183], [-80.1475878902242, 25.7387384712277], [-80.1483409404954, 25.7383559741574], [-80.1497244949151, 25.73778826216], [-80.1509040416521, 25.7372864957198], [-80.1523027909677, 25.7370889819644], [-80.1528587780685, 25.736675222439], [-80.1532613077161, 25.7363756935261], [-80.1534333016046, 25.736243943295], [-80.1547920203925, 25.7358253810346], [-80.1551994450404, 25.7355575146466], [-80.1552504308841, 25.7355964148242], [-80.1554074936447, 25.7354814262574], [-80.1555151735607, 25.7354499811984], [-80.1556546451445, 25.7352988656377], [-80.1557828634453, 25.7353431994926], [-80.1559849005243, 25.7352042257458], [-80.156224599266, 25.735028413382], [-80.1564834443764, 25.7348026721876], [-80.1567074817908, 25.7346667475614], [-80.1569057883628, 25.734518035668], [-80.1570235392136, 25.734350715921], [-80.157235522095, 25.734254700856], [-80.1574045639052, 25.7341097734575], [-80.1576241875814, 25.7340070095625], [-80.158026199741, 25.7338318744142], [-80.1581497238691, 25.733733971061], [-80.1583547495991, 25.733628198895], [-80.1586114676239, 25.7335149008192], [-80.1587228216554, 25.7334735002663], [-80.1595527126853, 25.7342757383919], [-80.1597031988124, 25.7344741848708], [-80.159761855266, 25.7346372800404], [-80.159760138182, 25.734881362065], [-80.1596432145485, 25.7351745615891], [-80.1594616163004, 25.7354582737835], [-80.1590993724442, 25.7358630327704], [-80.1587322216359, 25.7362632907221], [-80.1583049811571, 25.7366766996125], [-80.1580432272899, 25.7369916730292], [-80.1578654395209, 25.7373802983502], [-80.1578571205804, 25.7396909143512], [-80.1634938141081, 25.7371560816574], [-80.1669257670339, 25.7401638399026], [-80.1678362231384, 25.7392005841837], [-80.1738004162444, 25.7444269415528], [-80.1738008070175, 25.7434102491423], [-80.1763111219233, 25.7453254497892], [-80.1768823528966, 25.7453659084083], [-80.1775172426292, 25.7455642360789], [-80.1777683556245, 25.7457421675174], [-80.1780792772059, 25.7458927517748], [-80.1782875984159, 25.7459984769426], [-80.1785454333931, 25.7460275300821], [-80.1788526421824, 25.7459729470798], [-80.1791178386309, 25.746008403505], [-80.1792650683013, 25.7462178171223], [-80.1791872301229, 25.7464373970162], [-80.1790264669365, 25.7465392351223], [-80.178539808693, 25.7465139642638], [-80.1782341408615, 25.7464824053253], [-80.1779365398511, 25.7466029871195], [-80.1777244057022, 25.746692411163], [-80.1775191916012, 25.7468247760809], [-80.1771717609711, 25.7468468880634], [-80.1769335135709, 25.7467581019199], [-80.1766812973952, 25.7466297716128], [-80.1763115270039, 25.7462849711247], [-80.1758335564636, 25.7459914878504], [-80.1753810858264, 25.7457175787976], [-80.1749052755244, 25.7454968430935], [-80.1744360575698, 25.7453389072573], [-80.1741996196817, 25.7453460787633], [-80.1740143443833, 25.7453953255813], [-80.1738455645008, 25.7455303859705], [-80.1737768061318, 25.7456985993334], [-80.1737681136449, 25.7457201305927], [-80.173760639592, 25.7459221366321], [-80.1737736482773, 25.7460178182993], [-80.1759770754523, 25.7479478778852], [-80.1760414109113, 25.7480626790837], [-80.1760858736055, 25.7482505357899], [-80.1759564901155, 25.7484544319204], [-80.1758303613841, 25.7484894847654], [-80.175598087305, 25.748470115174], [-80.1753894390494, 25.7483840729213], [-80.1736967156003, 25.7467635020298], [-80.1729256792174, 25.7460455915744], [-80.1729648727431, 25.7456503132661], [-80.1729859638768, 25.745319158431], [-80.172814559435, 25.7450108125582], [-80.1724489517255, 25.7446428117616], [-80.1717501497874, 25.7443263949215], [-80.1713594418858, 25.7442929614901], [-80.1711814621109, 25.7443308114506], [-80.1710292647655, 25.7443743096012], [-80.165654652129, 25.7394013311576], [-80.1654386337424, 25.739123415043], [-80.1648788156066, 25.7388676882467], [-80.1642396482634, 25.7387190629792], [-80.1639174296388, 25.7387771407792], [-80.163235917659, 25.7389004757552], [-80.1628902120814, 25.7390317557485], [-80.1625323391896, 25.7392194527829], [-80.1623444787638, 25.7393943703362], [-80.1620765080077, 25.7397031239499], [-80.1618843394145, 25.7401130805268], [-80.1617519556703, 25.7406611179978], [-80.161781078772, 25.741272762121], [-80.1621463194032, 25.7418491978962], [-80.172508343914, 25.7512225511765], [-80.1726451169331, 25.7514056880348], [-80.1725984566344, 25.7515355082959], [-80.1724298799198, 25.7516672145486], [-80.1721580885077, 25.7515954253616], [-80.169571181868, 25.7492446684433], [-80.1694230269155, 25.7490882888056], [-80.1691117567451, 25.7489608985316], [-80.1686773990939, 25.7488950534963], [-80.1682136776276, 25.7488196681422], [-80.1680169027469, 25.7485018864306], [-80.1677478379004, 25.7484763610209], [-80.1674460585768, 25.7484316464085], [-80.1672390116414, 25.7482529176886], [-80.1672218228032, 25.7479951427347], [-80.1672191958883, 25.747555091456], [-80.1671765189427, 25.7470860084689], [-80.1669244064136, 25.7469444219775], [-80.1664012614342, 25.7468965477169], [-80.166208702319, 25.7467374166906], [-80.1659467071921, 25.7465430680512], [-80.1657508813517, 25.7465528648325], [-80.1653365902411, 25.7466057755246], [-80.1649891489861, 25.746439221767], [-80.1646799240116, 25.7464011655193], [-80.1643467547372, 25.7462575616383], [-80.1640533663732, 25.7459644981185], [-80.1633830802387, 25.7458891150017], [-80.1629317546462, 25.745754029814], [-80.1628169369547, 25.7455838207072], [-80.1626766704625, 25.7453875853411], [-80.1625858538305, 25.7449356780698], [-80.1623857004218, 25.7445882067014], [-80.1618436481408, 25.7443685958687], [-80.1613989530559, 25.7440744838775], [-80.1610329344082, 25.743716426096], [-80.1607339193076, 25.7431454421922], [-80.1606825977031, 25.7430456690854], [-80.1604717446732, 25.7425739813236], [-80.1579797199434, 25.7406945584259], [-80.1577111944494, 25.7406492427005], [-80.1574803775357, 25.7407488464721], [-80.1573616314665, 25.7409757435351], [-80.1574261570389, 25.7412757502441], [-80.1583281259376, 25.7417709547372], [-80.1587757067034, 25.7421112630551], [-80.1590103480965, 25.7425740622237], [-80.1590514129543, 25.7429439196637], [-80.1590914596833, 25.743161675753], [-80.1593296414505, 25.7436343824628], [-80.1594286305935, 25.7440562471513], [-80.1593029996415, 25.7444519671969], [-80.1593293476862, 25.7448088424945], [-80.1592776541697, 25.7453821042651], [-80.1593175407972, 25.7458115376603], [-80.159289596032, 25.7463016228769], [-80.1592289855996, 25.7465771774385], [-80.1590873357875, 25.7468475341524], [-80.1589794146335, 25.7472892682664], [-80.1588491077891, 25.7477280359337], [-80.1586952628777, 25.7480579904047], [-80.1585098123653, 25.7482924992609], [-80.1582841479111, 25.7485211004732], [-80.1582607736999, 25.7487662609119], [-80.1583876167609, 25.7490885516324], [-80.1584739164734, 25.7493982281287], [-80.1583856837513, 25.7495782721979], [-80.1582064786814, 25.7496804099257], [-80.1579834293604, 25.7495647692732], [-80.1566899193469, 25.7483115476846], [-80.156457862689, 25.7482887955424], [-80.1559653136377, 25.7479955073549], [-80.1555966316357, 25.7477730950402], [-80.1553939177529, 25.7477630635866], [-80.1550820477774, 25.7478572916597], [-80.154954023909, 25.7479983267902], [-80.1550047254745, 25.7482390150576], [-80.1552213031972, 25.7484902960245], [-80.1556405499661, 25.7487583136118], [-80.1558066815217, 25.7489475691369], [-80.1558620523317, 25.7493338451628], [-80.1560999820981, 25.7494391713405], [-80.1561373619785, 25.7496040363325], [-80.1564004307249, 25.749940617133], [-80.1566716375022, 25.7502274626765], [-80.1566296051434, 25.7505060462241], [-80.1564224980815, 25.750525910734], [-80.1560541151518, 25.7502869069446], [-80.1557842986454, 25.7501257674406], [-80.1556247397401, 25.7501613832791], [-80.1552328305549, 25.7505910640502], [-80.1550038919321, 25.7511736971396], [-80.1549624877952, 25.7516044637605], [-80.1549267885432, 25.7521145357386], [-80.1545463149869, 25.7523224570066], [-80.1538402559679, 25.7525751713417], [-80.153483044137, 25.7525278706091], [-80.1531459102089, 25.7524074332708], [-80.1529225206914, 25.7525003656792], [-80.1526055383946, 25.7526708202955], [-80.1520584352473, 25.7531062944752], [-80.1517722370235, 25.7535939269615], [-80.1515253023115, 25.7537665076178], [-80.1512741558771, 25.7541575326271], [-80.150968596503, 25.7545098078828], [-80.1508964035126, 25.7548086755374], [-80.1506966348773, 25.7550236580569], [-80.1504508184629, 25.7553319164396], [-80.1501048157613, 25.7554696962172], [-80.1496744915106, 25.7555823946252], [-80.1494877001655, 25.7557076902603], [-80.1494660110066, 25.7558735872419], [-80.1494433756034, 25.7560922681334], [-80.1494372910876, 25.7564132730705], [-80.1493586561948, 25.7566561308864], [-80.1493134608294, 25.7567096888808], [-80.1491140180348, 25.7569048109464], [-80.1490892890213, 25.7570441224898], [-80.149004052704, 25.7572539254131], [-80.1487484532204, 25.7576813737987], [-80.1484334963022, 25.757937809473], [-80.1480749282494, 25.7581585658105], [-80.1476861810131, 25.7582176784258]]]}}]}